23-May-2026 13:32:17.251 INFO [main] org.apache.catalina.startup.VersionLoggerListener.log Server version name:   Apache Tomcat/10.1.55
23-May-2026 13:32:17.254 INFO [main] org.apache.catalina.startup.VersionLoggerListener.log Server built:          May 5 2026 13:33:02 UTC
23-May-2026 13:32:17.255 INFO [main] org.apache.catalina.startup.VersionLoggerListener.log Server version number: 10.1.55.0
23-May-2026 13:32:17.255 INFO [main] org.apache.catalina.startup.VersionLoggerListener.log OS Name:               Windows 11
23-May-2026 13:32:17.255 INFO [main] org.apache.catalina.startup.VersionLoggerListener.log OS Version:            10.0
23-May-2026 13:32:17.255 INFO [main] org.apache.catalina.startup.VersionLoggerListener.log Architecture:          amd64
23-May-2026 13:32:17.255 INFO [main] org.apache.catalina.startup.VersionLoggerListener.log Java Home:             C:\Users\sam\.jdks\openjdk-25.0.2
23-May-2026 13:32:17.255 INFO [main] org.apache.catalina.startup.VersionLoggerListener.log JVM Version:           25.0.2+10-69
23-May-2026 13:32:17.255 INFO [main] org.apache.catalina.startup.VersionLoggerListener.log JVM Vendor:            Oracle Corporation
23-May-2026 13:32:17.255 INFO [main] org.apache.catalina.startup.VersionLoggerListener.log CATALINA_BASE:         D:\Spring_for_sam\Rest_APi_jersey_basic
23-May-2026 13:32:17.255 INFO [main] org.apache.catalina.startup.VersionLoggerListener.log CATALINA_HOME:         C:\Program Files\Apache Software Foundation\Tomcat 10.1
23-May-2026 13:32:17.265 INFO [main] org.apache.catalina.startup.VersionLoggerListener.log Command line argument: --add-opens=java.base/java.lang=ALL-UNNAMED
23-May-2026 13:32:17.265 INFO [main] org.apache.catalina.startup.VersionLoggerListener.log Command line argument: --add-opens=java.base/java.io=ALL-UNNAMED
23-May-2026 13:32:17.265 INFO [main] org.apache.catalina.startup.VersionLoggerListener.log Command line argument: --add-opens=java.base/java.util=ALL-UNNAMED
23-May-2026 13:32:17.265 INFO [main] org.apache.catalina.startup.VersionLoggerListener.log Command line argument: --add-opens=java.base/java.util.concurrent=ALL-UNNAMED
23-May-2026 13:32:17.265 INFO [main] org.apache.catalina.startup.VersionLoggerListener.log Command line argument: --add-opens=java.rmi/sun.rmi.transport=ALL-UNNAMED
23-May-2026 13:32:17.265 INFO [main] org.apache.catalina.startup.VersionLoggerListener.log Command line argument: -Dcatalina.home=C:\Program Files\Apache Software Foundation\Tomcat 10.1
23-May-2026 13:32:17.266 INFO [main] org.apache.catalina.startup.VersionLoggerListener.log Command line argument: -Dcatalina.base=D:\Spring_for_sam\Rest_APi_jersey_basic
23-May-2026 13:32:17.266 INFO [main] org.apache.catalina.startup.VersionLoggerListener.log Command line argument: -Djava.io.tmpdir=D:\Spring_for_sam\Rest_APi_jersey_basic\temp
23-May-2026 13:32:17.266 INFO [main] org.apache.catalina.startup.VersionLoggerListener.log Command line argument: -Djava.util.logging.config.file=D:\Spring_for_sam\Rest_APi_jersey_basic\conf\logging.properties
23-May-2026 13:32:17.266 INFO [main] org.apache.catalina.startup.VersionLoggerListener.log Command line argument: -Djava.util.logging.manager=org.apache.juli.ClassLoaderLogManager
23-May-2026 13:32:17.266 INFO [main] org.apache.catalina.startup.VersionLoggerListener.log Command line argument: -javaagent:C:\Program Files\JetBrains\IntelliJ IDEA 2025.3.3\lib\idea_rt.jar=60152
23-May-2026 13:32:17.266 INFO [main] org.apache.catalina.startup.VersionLoggerListener.log Command line argument: -Dfile.encoding=UTF-8
23-May-2026 13:32:17.266 INFO [main] org.apache.catalina.startup.VersionLoggerListener.log Command line argument: -Dsun.stdout.encoding=UTF-8
23-May-2026 13:32:17.266 INFO [main] org.apache.catalina.startup.VersionLoggerListener.log Command line argument: -Dsun.stderr.encoding=UTF-8
23-May-2026 13:32:17.279 INFO [main] org.apache.catalina.core.AprLifecycleListener.lifecycleEvent The Apache Tomcat Native library which allows using OpenSSL was not found on the java.library.path: [C:\Users\sam\.jdks\openjdk-25.0.2\bin;C:\WINDOWS\Sun\Java\bin;C:\WINDOWS\system32;C:\WINDOWS;C:\Program Files\Common Files\Oracle\Java\javapath;C:\Program Files (x86)\Common Files\Oracle\Java\java8path;C:\Program Files (x86)\Common Files\Oracle\Java\javapath;C:\WINDOWS\system32;C:\WINDOWS;C:\WINDOWS\System32\Wbem;C:\WINDOWS\System32\WindowsPowerShell\v1.0\;C:\WINDOWS\System32\OpenSSH\;C:\Program Files (x86)\NVIDIA Corporation\PhysX\Common;C:\Program Files\NVIDIA Corporation\NVIDIA NvDLISR;C:\Program Files\dotnet\;C:\MinGW\bin;C:\Program Files\Git\cmd;C:\Program Files\nodejs\;C:\Users\sam\apache-maven-3.9.14-bin\apache-maven-3.9.14\bin;C:\Users\sam\AppData\Local\Programs\Python\Launcher\;C:\Users\sam\AppData\Local\Microsoft\WindowsApps;C:\Users\sam\AppData\Local\GitHubDesktop\bin;C:\Users\sam\AppData\Local\Programs\Microsoft VS Code\bin;C:\Users\sam\AppData\Roaming\npm;C:\Program Files\JetBrains\IntelliJ IDEA 2025.3.3\bin;.]
23-May-2026 13:32:17.589 INFO [main] org.apache.coyote.AbstractProtocol.init Initializing ProtocolHandler ["http-nio-8080"]
23-May-2026 13:32:17.608 INFO [main] org.apache.catalina.startup.Catalina.load Server initialization in [558] milliseconds
23-May-2026 13:32:17.654 INFO [main] org.apache.catalina.core.StandardService.startInternal Starting service [Catalina]
23-May-2026 13:32:17.654 INFO [main] org.apache.catalina.core.StandardEngine.startInternal Starting Servlet engine: [Apache Tomcat/10.1.55]
23-May-2026 13:32:17.666 INFO [main] org.apache.catalina.startup.HostConfig.deployDescriptor Deploying deployment descriptor [D:\Spring_for_sam\Rest_APi_jersey_basic\conf\Catalina\localhost\ROOT.xml]
23-May-2026 13:32:19.125 INFO [main] org.apache.jasper.servlet.TldScanner.scanJars At least one JAR was scanned for TLDs yet contained no TLDs. Enable debug logging for this logger for a complete list of JARs that were scanned but no TLDs were found in them. Skipping unneeded JARs during scanning can improve startup time and JSP compilation time.
23-May-2026 13:32:19.229 INFO [main] org.apache.catalina.startup.HostConfig.deployDescriptor Deployment of deployment descriptor [D:\Spring_for_sam\Rest_APi_jersey_basic\conf\Catalina\localhost\ROOT.xml] has finished in [1,560] ms
23-May-2026 13:32:19.233 INFO [main] org.apache.coyote.AbstractProtocol.start Starting ProtocolHandler ["http-nio-8080"]
23-May-2026 13:32:19.258 INFO [main] org.apache.catalina.startup.Catalina.start Server startup in [1649] milliseconds
23-May-2026 13:36:51.035 INFO [Thread-1] org.apache.coyote.AbstractProtocol.pause Pausing ProtocolHandler ["http-nio-8080"]
23-May-2026 13:36:51.041 INFO [Thread-1] org.apache.catalina.core.StandardService.stopInternal Stopping service [Catalina]
23-May-2026 13:36:51.048 INFO [Thread-1] org.apache.coyote.AbstractProtocol.stop Stopping ProtocolHandler ["http-nio-8080"]
23-May-2026 13:36:51.051 INFO [Thread-1] org.apache.coyote.AbstractProtocol.destroy Destroying ProtocolHandler ["http-nio-8080"]
23-May-2026 13:36:53.150 INFO [main] org.apache.catalina.startup.VersionLoggerListener.log Server version name:   Apache Tomcat/10.1.55
23-May-2026 13:36:53.154 INFO [main] org.apache.catalina.startup.VersionLoggerListener.log Server built:          May 5 2026 13:33:02 UTC
23-May-2026 13:36:53.154 INFO [main] org.apache.catalina.startup.VersionLoggerListener.log Server version number: 10.1.55.0
23-May-2026 13:36:53.154 INFO [main] org.apache.catalina.startup.VersionLoggerListener.log OS Name:               Windows 11
23-May-2026 13:36:53.154 INFO [main] org.apache.catalina.startup.VersionLoggerListener.log OS Version:            10.0
23-May-2026 13:36:53.154 INFO [main] org.apache.catalina.startup.VersionLoggerListener.log Architecture:          amd64
23-May-2026 13:36:53.154 INFO [main] org.apache.catalina.startup.VersionLoggerListener.log Java Home:             C:\Users\sam\.jdks\openjdk-25.0.2
23-May-2026 13:36:53.154 INFO [main] org.apache.catalina.startup.VersionLoggerListener.log JVM Version:           25.0.2+10-69
23-May-2026 13:36:53.154 INFO [main] org.apache.catalina.startup.VersionLoggerListener.log JVM Vendor:            Oracle Corporation
23-May-2026 13:36:53.154 INFO [main] org.apache.catalina.startup.VersionLoggerListener.log CATALINA_BASE:         D:\Spring_for_sam\Rest_APi_jersey_basic
23-May-2026 13:36:53.155 INFO [main] org.apache.catalina.startup.VersionLoggerListener.log CATALINA_HOME:         C:\Program Files\Apache Software Foundation\Tomcat 10.1
23-May-2026 13:36:53.164 INFO [main] org.apache.catalina.startup.VersionLoggerListener.log Command line argument: --add-opens=java.base/java.lang=ALL-UNNAMED
23-May-2026 13:36:53.164 INFO [main] org.apache.catalina.startup.VersionLoggerListener.log Command line argument: --add-opens=java.base/java.io=ALL-UNNAMED
23-May-2026 13:36:53.165 INFO [main] org.apache.catalina.startup.VersionLoggerListener.log Command line argument: --add-opens=java.base/java.util=ALL-UNNAMED
23-May-2026 13:36:53.165 INFO [main] org.apache.catalina.startup.VersionLoggerListener.log Command line argument: --add-opens=java.base/java.util.concurrent=ALL-UNNAMED
23-May-2026 13:36:53.165 INFO [main] org.apache.catalina.startup.VersionLoggerListener.log Command line argument: --add-opens=java.rmi/sun.rmi.transport=ALL-UNNAMED
23-May-2026 13:36:53.165 INFO [main] org.apache.catalina.startup.VersionLoggerListener.log Command line argument: -Dcatalina.home=C:\Program Files\Apache Software Foundation\Tomcat 10.1
23-May-2026 13:36:53.165 INFO [main] org.apache.catalina.startup.VersionLoggerListener.log Command line argument: -Dcatalina.base=D:\Spring_for_sam\Rest_APi_jersey_basic
23-May-2026 13:36:53.165 INFO [main] org.apache.catalina.startup.VersionLoggerListener.log Command line argument: -Djava.io.tmpdir=D:\Spring_for_sam\Rest_APi_jersey_basic\temp
23-May-2026 13:36:53.165 INFO [main] org.apache.catalina.startup.VersionLoggerListener.log Command line argument: -Djava.util.logging.config.file=D:\Spring_for_sam\Rest_APi_jersey_basic\conf\logging.properties
23-May-2026 13:36:53.165 INFO [main] org.apache.catalina.startup.VersionLoggerListener.log Command line argument: -Djava.util.logging.manager=org.apache.juli.ClassLoaderLogManager
23-May-2026 13:36:53.165 INFO [main] org.apache.catalina.startup.VersionLoggerListener.log Command line argument: -javaagent:C:\Program Files\JetBrains\IntelliJ IDEA 2025.3.3\lib\idea_rt.jar=49691
23-May-2026 13:36:53.165 INFO [main] org.apache.catalina.startup.VersionLoggerListener.log Command line argument: -Dfile.encoding=UTF-8
23-May-2026 13:36:53.165 INFO [main] org.apache.catalina.startup.VersionLoggerListener.log Command line argument: -Dsun.stdout.encoding=UTF-8
23-May-2026 13:36:53.165 INFO [main] org.apache.catalina.startup.VersionLoggerListener.log Command line argument: -Dsun.stderr.encoding=UTF-8
23-May-2026 13:36:53.174 INFO [main] org.apache.catalina.core.AprLifecycleListener.lifecycleEvent The Apache Tomcat Native library which allows using OpenSSL was not found on the java.library.path: [C:\Users\sam\.jdks\openjdk-25.0.2\bin;C:\WINDOWS\Sun\Java\bin;C:\WINDOWS\system32;C:\WINDOWS;C:\Program Files\Common Files\Oracle\Java\javapath;C:\Program Files (x86)\Common Files\Oracle\Java\java8path;C:\Program Files (x86)\Common Files\Oracle\Java\javapath;C:\WINDOWS\system32;C:\WINDOWS;C:\WINDOWS\System32\Wbem;C:\WINDOWS\System32\WindowsPowerShell\v1.0\;C:\WINDOWS\System32\OpenSSH\;C:\Program Files (x86)\NVIDIA Corporation\PhysX\Common;C:\Program Files\NVIDIA Corporation\NVIDIA NvDLISR;C:\Program Files\dotnet\;C:\MinGW\bin;C:\Program Files\Git\cmd;C:\Program Files\nodejs\;C:\Users\sam\apache-maven-3.9.14-bin\apache-maven-3.9.14\bin;C:\Users\sam\AppData\Local\Programs\Python\Launcher\;C:\Users\sam\AppData\Local\Microsoft\WindowsApps;C:\Users\sam\AppData\Local\GitHubDesktop\bin;C:\Users\sam\AppData\Local\Programs\Microsoft VS Code\bin;C:\Users\sam\AppData\Roaming\npm;C:\Program Files\JetBrains\IntelliJ IDEA 2025.3.3\bin;.]
23-May-2026 13:36:53.475 INFO [main] org.apache.coyote.AbstractProtocol.init Initializing ProtocolHandler ["http-nio-8080"]
23-May-2026 13:36:53.491 INFO [main] org.apache.catalina.startup.Catalina.load Server initialization in [513] milliseconds
23-May-2026 13:36:53.541 INFO [main] org.apache.catalina.core.StandardService.startInternal Starting service [Catalina]
23-May-2026 13:36:53.541 INFO [main] org.apache.catalina.core.StandardEngine.startInternal Starting Servlet engine: [Apache Tomcat/10.1.55]
23-May-2026 13:36:53.552 INFO [main] org.apache.catalina.startup.HostConfig.deployDescriptor Deploying deployment descriptor [D:\Spring_for_sam\Rest_APi_jersey_basic\conf\Catalina\localhost\ROOT.xml]
23-May-2026 13:36:54.902 INFO [main] org.apache.jasper.servlet.TldScanner.scanJars At least one JAR was scanned for TLDs yet contained no TLDs. Enable debug logging for this logger for a complete list of JARs that were scanned but no TLDs were found in them. Skipping unneeded JARs during scanning can improve startup time and JSP compilation time.
23-May-2026 13:36:55.001 INFO [main] org.apache.catalina.startup.HostConfig.deployDescriptor Deployment of deployment descriptor [D:\Spring_for_sam\Rest_APi_jersey_basic\conf\Catalina\localhost\ROOT.xml] has finished in [1,445] ms
23-May-2026 13:36:55.006 INFO [main] org.apache.coyote.AbstractProtocol.start Starting ProtocolHandler ["http-nio-8080"]
23-May-2026 13:36:55.032 INFO [main] org.apache.catalina.startup.Catalina.start Server startup in [1539] milliseconds
23-May-2026 13:43:47.865 INFO [Thread-1] org.apache.coyote.AbstractProtocol.pause Pausing ProtocolHandler ["http-nio-8080"]
23-May-2026 13:43:47.873 INFO [Thread-1] org.apache.catalina.core.StandardService.stopInternal Stopping service [Catalina]
23-May-2026 13:43:47.882 INFO [Thread-1] org.apache.coyote.AbstractProtocol.stop Stopping ProtocolHandler ["http-nio-8080"]
23-May-2026 13:43:47.895 INFO [Thread-1] org.apache.coyote.AbstractProtocol.destroy Destroying ProtocolHandler ["http-nio-8080"]
23-May-2026 15:11:02.226 INFO [main] org.apache.catalina.startup.VersionLoggerListener.log Server version name:   Apache Tomcat/10.1.55
23-May-2026 15:11:02.230 INFO [main] org.apache.catalina.startup.VersionLoggerListener.log Server built:          May 5 2026 13:33:02 UTC
23-May-2026 15:11:02.231 INFO [main] org.apache.catalina.startup.VersionLoggerListener.log Server version number: 10.1.55.0
23-May-2026 15:11:02.231 INFO [main] org.apache.catalina.startup.VersionLoggerListener.log OS Name:               Windows 11
23-May-2026 15:11:02.231 INFO [main] org.apache.catalina.startup.VersionLoggerListener.log OS Version:            10.0
23-May-2026 15:11:02.231 INFO [main] org.apache.catalina.startup.VersionLoggerListener.log Architecture:          amd64
23-May-2026 15:11:02.231 INFO [main] org.apache.catalina.startup.VersionLoggerListener.log Java Home:             C:\Users\sam\.jdks\openjdk-25.0.2
23-May-2026 15:11:02.232 INFO [main] org.apache.catalina.startup.VersionLoggerListener.log JVM Version:           25.0.2+10-69
23-May-2026 15:11:02.232 INFO [main] org.apache.catalina.startup.VersionLoggerListener.log JVM Vendor:            Oracle Corporation
23-May-2026 15:11:02.232 INFO [main] org.apache.catalina.startup.VersionLoggerListener.log CATALINA_BASE:         D:\Spring_for_sam\Rest_APi_jersey_basic
23-May-2026 15:11:02.232 INFO [main] org.apache.catalina.startup.VersionLoggerListener.log CATALINA_HOME:         C:\Program Files\Apache Software Foundation\Tomcat 10.1
23-May-2026 15:11:02.243 INFO [main] org.apache.catalina.startup.VersionLoggerListener.log Command line argument: --add-opens=java.base/java.lang=ALL-UNNAMED
23-May-2026 15:11:02.244 INFO [main] org.apache.catalina.startup.VersionLoggerListener.log Command line argument: --add-opens=java.base/java.io=ALL-UNNAMED
23-May-2026 15:11:02.244 INFO [main] org.apache.catalina.startup.VersionLoggerListener.log Command line argument: --add-opens=java.base/java.util=ALL-UNNAMED
23-May-2026 15:11:02.244 INFO [main] org.apache.catalina.startup.VersionLoggerListener.log Command line argument: --add-opens=java.base/java.util.concurrent=ALL-UNNAMED
23-May-2026 15:11:02.244 INFO [main] org.apache.catalina.startup.VersionLoggerListener.log Command line argument: --add-opens=java.rmi/sun.rmi.transport=ALL-UNNAMED
23-May-2026 15:11:02.244 INFO [main] org.apache.catalina.startup.VersionLoggerListener.log Command line argument: -Dcatalina.home=C:\Program Files\Apache Software Foundation\Tomcat 10.1
23-May-2026 15:11:02.244 INFO [main] org.apache.catalina.startup.VersionLoggerListener.log Command line argument: -Dcatalina.base=D:\Spring_for_sam\Rest_APi_jersey_basic
23-May-2026 15:11:02.244 INFO [main] org.apache.catalina.startup.VersionLoggerListener.log Command line argument: -Djava.io.tmpdir=D:\Spring_for_sam\Rest_APi_jersey_basic\temp
23-May-2026 15:11:02.244 INFO [main] org.apache.catalina.startup.VersionLoggerListener.log Command line argument: -Djava.util.logging.config.file=D:\Spring_for_sam\Rest_APi_jersey_basic\conf\logging.properties
23-May-2026 15:11:02.244 INFO [main] org.apache.catalina.startup.VersionLoggerListener.log Command line argument: -Djava.util.logging.manager=org.apache.juli.ClassLoaderLogManager
23-May-2026 15:11:02.244 INFO [main] org.apache.catalina.startup.VersionLoggerListener.log Command line argument: -javaagent:C:\Program Files\JetBrains\IntelliJ IDEA 2025.3.3\lib\idea_rt.jar=52228
23-May-2026 15:11:02.244 INFO [main] org.apache.catalina.startup.VersionLoggerListener.log Command line argument: -Dfile.encoding=UTF-8
23-May-2026 15:11:02.244 INFO [main] org.apache.catalina.startup.VersionLoggerListener.log Command line argument: -Dsun.stdout.encoding=UTF-8
23-May-2026 15:11:02.246 INFO [main] org.apache.catalina.startup.VersionLoggerListener.log Command line argument: -Dsun.stderr.encoding=UTF-8
23-May-2026 15:11:02.255 INFO [main] org.apache.catalina.core.AprLifecycleListener.lifecycleEvent The Apache Tomcat Native library which allows using OpenSSL was not found on the java.library.path: [C:\Users\sam\.jdks\openjdk-25.0.2\bin;C:\WINDOWS\Sun\Java\bin;C:\WINDOWS\system32;C:\WINDOWS;C:\Program Files\Common Files\Oracle\Java\javapath;C:\Program Files (x86)\Common Files\Oracle\Java\java8path;C:\Program Files (x86)\Common Files\Oracle\Java\javapath;C:\WINDOWS\system32;C:\WINDOWS;C:\WINDOWS\System32\Wbem;C:\WINDOWS\System32\WindowsPowerShell\v1.0\;C:\WINDOWS\System32\OpenSSH\;C:\Program Files (x86)\NVIDIA Corporation\PhysX\Common;C:\Program Files\NVIDIA Corporation\NVIDIA NvDLISR;C:\Program Files\dotnet\;C:\MinGW\bin;C:\Program Files\Git\cmd;C:\Program Files\nodejs\;C:\Users\sam\apache-maven-3.9.14-bin\apache-maven-3.9.14\bin;C:\Users\sam\AppData\Local\Programs\Python\Launcher\;C:\Users\sam\AppData\Local\Microsoft\WindowsApps;C:\Users\sam\AppData\Local\GitHubDesktop\bin;C:\Users\sam\AppData\Local\Programs\Microsoft VS Code\bin;C:\Users\sam\AppData\Roaming\npm;C:\Program Files\JetBrains\IntelliJ IDEA 2025.3.3\bin;.]
23-May-2026 15:11:02.602 INFO [main] org.apache.coyote.AbstractProtocol.init Initializing ProtocolHandler ["http-nio-8080"]
23-May-2026 15:11:02.625 INFO [main] org.apache.catalina.startup.Catalina.load Server initialization in [665] milliseconds
23-May-2026 15:11:02.691 INFO [main] org.apache.catalina.core.StandardService.startInternal Starting service [Catalina]
23-May-2026 15:11:02.691 INFO [main] org.apache.catalina.core.StandardEngine.startInternal Starting Servlet engine: [Apache Tomcat/10.1.55]
23-May-2026 15:11:02.705 INFO [main] org.apache.catalina.startup.HostConfig.deployDescriptor Deploying deployment descriptor [D:\Spring_for_sam\Rest_APi_jersey_basic\conf\Catalina\localhost\ROOT.xml]
23-May-2026 15:11:04.539 INFO [main] org.apache.jasper.servlet.TldScanner.scanJars At least one JAR was scanned for TLDs yet contained no TLDs. Enable debug logging for this logger for a complete list of JARs that were scanned but no TLDs were found in them. Skipping unneeded JARs during scanning can improve startup time and JSP compilation time.
23-May-2026 15:11:04.664 INFO [main] org.apache.catalina.startup.HostConfig.deployDescriptor Deployment of deployment descriptor [D:\Spring_for_sam\Rest_APi_jersey_basic\conf\Catalina\localhost\ROOT.xml] has finished in [1,956] ms
23-May-2026 15:11:04.668 INFO [main] org.apache.coyote.AbstractProtocol.start Starting ProtocolHandler ["http-nio-8080"]
23-May-2026 15:11:04.710 INFO [main] org.apache.catalina.startup.Catalina.start Server startup in [2083] milliseconds
23-May-2026 15:12:36.302 INFO [Thread-1] org.apache.coyote.AbstractProtocol.pause Pausing ProtocolHandler ["http-nio-8080"]
23-May-2026 15:12:36.314 INFO [Thread-1] org.apache.catalina.core.StandardService.stopInternal Stopping service [Catalina]
23-May-2026 15:12:36.323 INFO [Thread-1] org.apache.coyote.AbstractProtocol.stop Stopping ProtocolHandler ["http-nio-8080"]
23-May-2026 15:12:36.336 INFO [Thread-1] org.apache.coyote.AbstractProtocol.destroy Destroying ProtocolHandler ["http-nio-8080"]
23-May-2026 15:12:39.106 INFO [main] org.apache.catalina.startup.VersionLoggerListener.log Server version name:   Apache Tomcat/10.1.55
23-May-2026 15:12:39.111 INFO [main] org.apache.catalina.startup.VersionLoggerListener.log Server built:          May 5 2026 13:33:02 UTC
23-May-2026 15:12:39.112 INFO [main] org.apache.catalina.startup.VersionLoggerListener.log Server version number: 10.1.55.0
23-May-2026 15:12:39.112 INFO [main] org.apache.catalina.startup.VersionLoggerListener.log OS Name:               Windows 11
23-May-2026 15:12:39.112 INFO [main] org.apache.catalina.startup.VersionLoggerListener.log OS Version:            10.0
23-May-2026 15:12:39.112 INFO [main] org.apache.catalina.startup.VersionLoggerListener.log Architecture:          amd64
23-May-2026 15:12:39.112 INFO [main] org.apache.catalina.startup.VersionLoggerListener.log Java Home:             C:\Users\sam\.jdks\openjdk-25.0.2
23-May-2026 15:12:39.112 INFO [main] org.apache.catalina.startup.VersionLoggerListener.log JVM Version:           25.0.2+10-69
23-May-2026 15:12:39.112 INFO [main] org.apache.catalina.startup.VersionLoggerListener.log JVM Vendor:            Oracle Corporation
23-May-2026 15:12:39.113 INFO [main] org.apache.catalina.startup.VersionLoggerListener.log CATALINA_BASE:         D:\Spring_for_sam\Rest_APi_jersey_basic
23-May-2026 15:12:39.113 INFO [main] org.apache.catalina.startup.VersionLoggerListener.log CATALINA_HOME:         C:\Program Files\Apache Software Foundation\Tomcat 10.1
23-May-2026 15:12:39.123 INFO [main] org.apache.catalina.startup.VersionLoggerListener.log Command line argument: --add-opens=java.base/java.lang=ALL-UNNAMED
23-May-2026 15:12:39.123 INFO [main] org.apache.catalina.startup.VersionLoggerListener.log Command line argument: --add-opens=java.base/java.io=ALL-UNNAMED
23-May-2026 15:12:39.123 INFO [main] org.apache.catalina.startup.VersionLoggerListener.log Command line argument: --add-opens=java.base/java.util=ALL-UNNAMED
23-May-2026 15:12:39.123 INFO [main] org.apache.catalina.startup.VersionLoggerListener.log Command line argument: --add-opens=java.base/java.util.concurrent=ALL-UNNAMED
23-May-2026 15:12:39.125 INFO [main] org.apache.catalina.startup.VersionLoggerListener.log Command line argument: --add-opens=java.rmi/sun.rmi.transport=ALL-UNNAMED
23-May-2026 15:12:39.125 INFO [main] org.apache.catalina.startup.VersionLoggerListener.log Command line argument: -Dcatalina.home=C:\Program Files\Apache Software Foundation\Tomcat 10.1
23-May-2026 15:12:39.125 INFO [main] org.apache.catalina.startup.VersionLoggerListener.log Command line argument: -Dcatalina.base=D:\Spring_for_sam\Rest_APi_jersey_basic
23-May-2026 15:12:39.125 INFO [main] org.apache.catalina.startup.VersionLoggerListener.log Command line argument: -Djava.io.tmpdir=D:\Spring_for_sam\Rest_APi_jersey_basic\temp
23-May-2026 15:12:39.125 INFO [main] org.apache.catalina.startup.VersionLoggerListener.log Command line argument: -Djava.util.logging.config.file=D:\Spring_for_sam\Rest_APi_jersey_basic\conf\logging.properties
23-May-2026 15:12:39.125 INFO [main] org.apache.catalina.startup.VersionLoggerListener.log Command line argument: -Djava.util.logging.manager=org.apache.juli.ClassLoaderLogManager
23-May-2026 15:12:39.125 INFO [main] org.apache.catalina.startup.VersionLoggerListener.log Command line argument: -javaagent:C:\Program Files\JetBrains\IntelliJ IDEA 2025.3.3\lib\idea_rt.jar=50895
23-May-2026 15:12:39.126 INFO [main] org.apache.catalina.startup.VersionLoggerListener.log Command line argument: -Dfile.encoding=UTF-8
23-May-2026 15:12:39.126 INFO [main] org.apache.catalina.startup.VersionLoggerListener.log Command line argument: -Dsun.stdout.encoding=UTF-8
23-May-2026 15:12:39.126 INFO [main] org.apache.catalina.startup.VersionLoggerListener.log Command line argument: -Dsun.stderr.encoding=UTF-8
23-May-2026 15:12:39.141 INFO [main] org.apache.catalina.core.AprLifecycleListener.lifecycleEvent The Apache Tomcat Native library which allows using OpenSSL was not found on the java.library.path: [C:\Users\sam\.jdks\openjdk-25.0.2\bin;C:\WINDOWS\Sun\Java\bin;C:\WINDOWS\system32;C:\WINDOWS;C:\Program Files\Common Files\Oracle\Java\javapath;C:\Program Files (x86)\Common Files\Oracle\Java\java8path;C:\Program Files (x86)\Common Files\Oracle\Java\javapath;C:\WINDOWS\system32;C:\WINDOWS;C:\WINDOWS\System32\Wbem;C:\WINDOWS\System32\WindowsPowerShell\v1.0\;C:\WINDOWS\System32\OpenSSH\;C:\Program Files (x86)\NVIDIA Corporation\PhysX\Common;C:\Program Files\NVIDIA Corporation\NVIDIA NvDLISR;C:\Program Files\dotnet\;C:\MinGW\bin;C:\Program Files\Git\cmd;C:\Program Files\nodejs\;C:\Users\sam\apache-maven-3.9.14-bin\apache-maven-3.9.14\bin;C:\Users\sam\AppData\Local\Programs\Python\Launcher\;C:\Users\sam\AppData\Local\Microsoft\WindowsApps;C:\Users\sam\AppData\Local\GitHubDesktop\bin;C:\Users\sam\AppData\Local\Programs\Microsoft VS Code\bin;C:\Users\sam\AppData\Roaming\npm;C:\Program Files\JetBrains\IntelliJ IDEA 2025.3.3\bin;.]
23-May-2026 15:12:39.452 INFO [main] org.apache.coyote.AbstractProtocol.init Initializing ProtocolHandler ["http-nio-8080"]
23-May-2026 15:12:39.466 INFO [main] org.apache.catalina.startup.Catalina.load Server initialization in [574] milliseconds
23-May-2026 15:12:39.513 INFO [main] org.apache.catalina.core.StandardService.startInternal Starting service [Catalina]
23-May-2026 15:12:39.514 INFO [main] org.apache.catalina.core.StandardEngine.startInternal Starting Servlet engine: [Apache Tomcat/10.1.55]
23-May-2026 15:12:39.527 INFO [main] org.apache.catalina.startup.HostConfig.deployDescriptor Deploying deployment descriptor [D:\Spring_for_sam\Rest_APi_jersey_basic\conf\Catalina\localhost\ROOT.xml]
23-May-2026 15:12:41.308 INFO [main] org.apache.jasper.servlet.TldScanner.scanJars At least one JAR was scanned for TLDs yet contained no TLDs. Enable debug logging for this logger for a complete list of JARs that were scanned but no TLDs were found in them. Skipping unneeded JARs during scanning can improve startup time and JSP compilation time.
23-May-2026 15:12:41.429 INFO [main] org.apache.catalina.startup.HostConfig.deployDescriptor Deployment of deployment descriptor [D:\Spring_for_sam\Rest_APi_jersey_basic\conf\Catalina\localhost\ROOT.xml] has finished in [1,897] ms
23-May-2026 15:12:41.433 INFO [main] org.apache.coyote.AbstractProtocol.start Starting ProtocolHandler ["http-nio-8080"]
23-May-2026 15:12:41.495 INFO [main] org.apache.catalina.startup.Catalina.start Server startup in [2027] milliseconds
23-May-2026 15:12:53.355 INFO [Thread-1] org.apache.coyote.AbstractProtocol.pause Pausing ProtocolHandler ["http-nio-8080"]
23-May-2026 15:12:53.365 INFO [Thread-1] org.apache.catalina.core.StandardService.stopInternal Stopping service [Catalina]
23-May-2026 15:12:53.375 INFO [Thread-1] org.apache.coyote.AbstractProtocol.stop Stopping ProtocolHandler ["http-nio-8080"]
23-May-2026 15:12:53.390 INFO [Thread-1] org.apache.coyote.AbstractProtocol.destroy Destroying ProtocolHandler ["http-nio-8080"]
23-May-2026 15:12:55.311 INFO [main] org.apache.catalina.startup.VersionLoggerListener.log Server version name:   Apache Tomcat/10.1.55
23-May-2026 15:12:55.317 INFO [main] org.apache.catalina.startup.VersionLoggerListener.log Server built:          May 5 2026 13:33:02 UTC
23-May-2026 15:12:55.318 INFO [main] org.apache.catalina.startup.VersionLoggerListener.log Server version number: 10.1.55.0
23-May-2026 15:12:55.318 INFO [main] org.apache.catalina.startup.VersionLoggerListener.log OS Name:               Windows 11
23-May-2026 15:12:55.318 INFO [main] org.apache.catalina.startup.VersionLoggerListener.log OS Version:            10.0
23-May-2026 15:12:55.318 INFO [main] org.apache.catalina.startup.VersionLoggerListener.log Architecture:          amd64
23-May-2026 15:12:55.319 INFO [main] org.apache.catalina.startup.VersionLoggerListener.log Java Home:             C:\Users\sam\.jdks\openjdk-25.0.2
23-May-2026 15:12:55.319 INFO [main] org.apache.catalina.startup.VersionLoggerListener.log JVM Version:           25.0.2+10-69
23-May-2026 15:12:55.319 INFO [main] org.apache.catalina.startup.VersionLoggerListener.log JVM Vendor:            Oracle Corporation
23-May-2026 15:12:55.319 INFO [main] org.apache.catalina.startup.VersionLoggerListener.log CATALINA_BASE:         D:\Spring_for_sam\Rest_APi_jersey_basic
23-May-2026 15:12:55.320 INFO [main] org.apache.catalina.startup.VersionLoggerListener.log CATALINA_HOME:         C:\Program Files\Apache Software Foundation\Tomcat 10.1
23-May-2026 15:12:55.337 INFO [main] org.apache.catalina.startup.VersionLoggerListener.log Command line argument: --add-opens=java.base/java.lang=ALL-UNNAMED
23-May-2026 15:12:55.337 INFO [main] org.apache.catalina.startup.VersionLoggerListener.log Command line argument: --add-opens=java.base/java.io=ALL-UNNAMED
23-May-2026 15:12:55.337 INFO [main] org.apache.catalina.startup.VersionLoggerListener.log Command line argument: --add-opens=java.base/java.util=ALL-UNNAMED
23-May-2026 15:12:55.337 INFO [main] org.apache.catalina.startup.VersionLoggerListener.log Command line argument: --add-opens=java.base/java.util.concurrent=ALL-UNNAMED
23-May-2026 15:12:55.339 INFO [main] org.apache.catalina.startup.VersionLoggerListener.log Command line argument: --add-opens=java.rmi/sun.rmi.transport=ALL-UNNAMED
23-May-2026 15:12:55.339 INFO [main] org.apache.catalina.startup.VersionLoggerListener.log Command line argument: -Dcatalina.home=C:\Program Files\Apache Software Foundation\Tomcat 10.1
23-May-2026 15:12:55.339 INFO [main] org.apache.catalina.startup.VersionLoggerListener.log Command line argument: -Dcatalina.base=D:\Spring_for_sam\Rest_APi_jersey_basic
23-May-2026 15:12:55.339 INFO [main] org.apache.catalina.startup.VersionLoggerListener.log Command line argument: -Djava.io.tmpdir=D:\Spring_for_sam\Rest_APi_jersey_basic\temp
23-May-2026 15:12:55.339 INFO [main] org.apache.catalina.startup.VersionLoggerListener.log Command line argument: -Djava.util.logging.config.file=D:\Spring_for_sam\Rest_APi_jersey_basic\conf\logging.properties
23-May-2026 15:12:55.340 INFO [main] org.apache.catalina.startup.VersionLoggerListener.log Command line argument: -Djava.util.logging.manager=org.apache.juli.ClassLoaderLogManager
23-May-2026 15:12:55.340 INFO [main] org.apache.catalina.startup.VersionLoggerListener.log Command line argument: -javaagent:C:\Program Files\JetBrains\IntelliJ IDEA 2025.3.3\lib\idea_rt.jar=63809
23-May-2026 15:12:55.340 INFO [main] org.apache.catalina.startup.VersionLoggerListener.log Command line argument: -Dfile.encoding=UTF-8
23-May-2026 15:12:55.340 INFO [main] org.apache.catalina.startup.VersionLoggerListener.log Command line argument: -Dsun.stdout.encoding=UTF-8
23-May-2026 15:12:55.340 INFO [main] org.apache.catalina.startup.VersionLoggerListener.log Command line argument: -Dsun.stderr.encoding=UTF-8
23-May-2026 15:12:55.355 INFO [main] org.apache.catalina.core.AprLifecycleListener.lifecycleEvent The Apache Tomcat Native library which allows using OpenSSL was not found on the java.library.path: [C:\Users\sam\.jdks\openjdk-25.0.2\bin;C:\WINDOWS\Sun\Java\bin;C:\WINDOWS\system32;C:\WINDOWS;C:\Program Files\Common Files\Oracle\Java\javapath;C:\Program Files (x86)\Common Files\Oracle\Java\java8path;C:\Program Files (x86)\Common Files\Oracle\Java\javapath;C:\WINDOWS\system32;C:\WINDOWS;C:\WINDOWS\System32\Wbem;C:\WINDOWS\System32\WindowsPowerShell\v1.0\;C:\WINDOWS\System32\OpenSSH\;C:\Program Files (x86)\NVIDIA Corporation\PhysX\Common;C:\Program Files\NVIDIA Corporation\NVIDIA NvDLISR;C:\Program Files\dotnet\;C:\MinGW\bin;C:\Program Files\Git\cmd;C:\Program Files\nodejs\;C:\Users\sam\apache-maven-3.9.14-bin\apache-maven-3.9.14\bin;C:\Users\sam\AppData\Local\Programs\Python\Launcher\;C:\Users\sam\AppData\Local\Microsoft\WindowsApps;C:\Users\sam\AppData\Local\GitHubDesktop\bin;C:\Users\sam\AppData\Local\Programs\Microsoft VS Code\bin;C:\Users\sam\AppData\Roaming\npm;C:\Program Files\JetBrains\IntelliJ IDEA 2025.3.3\bin;.]
23-May-2026 15:12:55.757 INFO [main] org.apache.coyote.AbstractProtocol.init Initializing ProtocolHandler ["http-nio-8080"]
23-May-2026 15:12:55.782 INFO [main] org.apache.catalina.startup.Catalina.load Server initialization in [756] milliseconds
23-May-2026 15:12:55.849 INFO [main] org.apache.catalina.core.StandardService.startInternal Starting service [Catalina]
23-May-2026 15:12:55.849 INFO [main] org.apache.catalina.core.StandardEngine.startInternal Starting Servlet engine: [Apache Tomcat/10.1.55]
23-May-2026 15:12:55.864 INFO [main] org.apache.catalina.startup.HostConfig.deployDescriptor Deploying deployment descriptor [D:\Spring_for_sam\Rest_APi_jersey_basic\conf\Catalina\localhost\ROOT.xml]
23-May-2026 15:12:57.696 INFO [main] org.apache.jasper.servlet.TldScanner.scanJars At least one JAR was scanned for TLDs yet contained no TLDs. Enable debug logging for this logger for a complete list of JARs that were scanned but no TLDs were found in them. Skipping unneeded JARs during scanning can improve startup time and JSP compilation time.
23-May-2026 15:12:57.833 INFO [main] org.apache.catalina.startup.HostConfig.deployDescriptor Deployment of deployment descriptor [D:\Spring_for_sam\Rest_APi_jersey_basic\conf\Catalina\localhost\ROOT.xml] has finished in [1,963] ms
23-May-2026 15:12:57.838 INFO [main] org.apache.coyote.AbstractProtocol.start Starting ProtocolHandler ["http-nio-8080"]
23-May-2026 15:12:57.871 INFO [main] org.apache.catalina.startup.Catalina.start Server startup in [2086] milliseconds
23-May-2026 15:13:53.345 INFO [Thread-1] org.apache.coyote.AbstractProtocol.pause Pausing ProtocolHandler ["http-nio-8080"]
23-May-2026 15:13:53.354 INFO [Thread-1] org.apache.catalina.core.StandardService.stopInternal Stopping service [Catalina]
23-May-2026 15:13:53.361 INFO [Thread-1] org.apache.coyote.AbstractProtocol.stop Stopping ProtocolHandler ["http-nio-8080"]
23-May-2026 15:13:53.366 INFO [Thread-1] org.apache.coyote.AbstractProtocol.destroy Destroying ProtocolHandler ["http-nio-8080"]
23-May-2026 15:13:55.641 INFO [main] org.apache.catalina.startup.VersionLoggerListener.log Server version name:   Apache Tomcat/10.1.55
23-May-2026 15:13:55.646 INFO [main] org.apache.catalina.startup.VersionLoggerListener.log Server built:          May 5 2026 13:33:02 UTC
23-May-2026 15:13:55.647 INFO [main] org.apache.catalina.startup.VersionLoggerListener.log Server version number: 10.1.55.0
23-May-2026 15:13:55.647 INFO [main] org.apache.catalina.startup.VersionLoggerListener.log OS Name:               Windows 11
23-May-2026 15:13:55.647 INFO [main] org.apache.catalina.startup.VersionLoggerListener.log OS Version:            10.0
23-May-2026 15:13:55.647 INFO [main] org.apache.catalina.startup.VersionLoggerListener.log Architecture:          amd64
23-May-2026 15:13:55.647 INFO [main] org.apache.catalina.startup.VersionLoggerListener.log Java Home:             C:\Users\sam\.jdks\openjdk-25.0.2
23-May-2026 15:13:55.647 INFO [main] org.apache.catalina.startup.VersionLoggerListener.log JVM Version:           25.0.2+10-69
23-May-2026 15:13:55.647 INFO [main] org.apache.catalina.startup.VersionLoggerListener.log JVM Vendor:            Oracle Corporation
23-May-2026 15:13:55.647 INFO [main] org.apache.catalina.startup.VersionLoggerListener.log CATALINA_BASE:         D:\Spring_for_sam\Rest_APi_jersey_basic
23-May-2026 15:13:55.648 INFO [main] org.apache.catalina.startup.VersionLoggerListener.log CATALINA_HOME:         C:\Program Files\Apache Software Foundation\Tomcat 10.1
23-May-2026 15:13:55.659 INFO [main] org.apache.catalina.startup.VersionLoggerListener.log Command line argument: --add-opens=java.base/java.lang=ALL-UNNAMED
23-May-2026 15:13:55.659 INFO [main] org.apache.catalina.startup.VersionLoggerListener.log Command line argument: --add-opens=java.base/java.io=ALL-UNNAMED
23-May-2026 15:13:55.659 INFO [main] org.apache.catalina.startup.VersionLoggerListener.log Command line argument: --add-opens=java.base/java.util=ALL-UNNAMED
23-May-2026 15:13:55.659 INFO [main] org.apache.catalina.startup.VersionLoggerListener.log Command line argument: --add-opens=java.base/java.util.concurrent=ALL-UNNAMED
23-May-2026 15:13:55.660 INFO [main] org.apache.catalina.startup.VersionLoggerListener.log Command line argument: --add-opens=java.rmi/sun.rmi.transport=ALL-UNNAMED
23-May-2026 15:13:55.660 INFO [main] org.apache.catalina.startup.VersionLoggerListener.log Command line argument: -Dcatalina.home=C:\Program Files\Apache Software Foundation\Tomcat 10.1
23-May-2026 15:13:55.660 INFO [main] org.apache.catalina.startup.VersionLoggerListener.log Command line argument: -Dcatalina.base=D:\Spring_for_sam\Rest_APi_jersey_basic
23-May-2026 15:13:55.660 INFO [main] org.apache.catalina.startup.VersionLoggerListener.log Command line argument: -Djava.io.tmpdir=D:\Spring_for_sam\Rest_APi_jersey_basic\temp
23-May-2026 15:13:55.660 INFO [main] org.apache.catalina.startup.VersionLoggerListener.log Command line argument: -Djava.util.logging.config.file=D:\Spring_for_sam\Rest_APi_jersey_basic\conf\logging.properties
23-May-2026 15:13:55.660 INFO [main] org.apache.catalina.startup.VersionLoggerListener.log Command line argument: -Djava.util.logging.manager=org.apache.juli.ClassLoaderLogManager
23-May-2026 15:13:55.660 INFO [main] org.apache.catalina.startup.VersionLoggerListener.log Command line argument: -javaagent:C:\Program Files\JetBrains\IntelliJ IDEA 2025.3.3\lib\idea_rt.jar=62314
23-May-2026 15:13:55.660 INFO [main] org.apache.catalina.startup.VersionLoggerListener.log Command line argument: -Dfile.encoding=UTF-8
23-May-2026 15:13:55.661 INFO [main] org.apache.catalina.startup.VersionLoggerListener.log Command line argument: -Dsun.stdout.encoding=UTF-8
23-May-2026 15:13:55.661 INFO [main] org.apache.catalina.startup.VersionLoggerListener.log Command line argument: -Dsun.stderr.encoding=UTF-8
23-May-2026 15:13:55.675 INFO [main] org.apache.catalina.core.AprLifecycleListener.lifecycleEvent The Apache Tomcat Native library which allows using OpenSSL was not found on the java.library.path: [C:\Users\sam\.jdks\openjdk-25.0.2\bin;C:\WINDOWS\Sun\Java\bin;C:\WINDOWS\system32;C:\WINDOWS;C:\Program Files\Common Files\Oracle\Java\javapath;C:\Program Files (x86)\Common Files\Oracle\Java\java8path;C:\Program Files (x86)\Common Files\Oracle\Java\javapath;C:\WINDOWS\system32;C:\WINDOWS;C:\WINDOWS\System32\Wbem;C:\WINDOWS\System32\WindowsPowerShell\v1.0\;C:\WINDOWS\System32\OpenSSH\;C:\Program Files (x86)\NVIDIA Corporation\PhysX\Common;C:\Program Files\NVIDIA Corporation\NVIDIA NvDLISR;C:\Program Files\dotnet\;C:\MinGW\bin;C:\Program Files\Git\cmd;C:\Program Files\nodejs\;C:\Users\sam\apache-maven-3.9.14-bin\apache-maven-3.9.14\bin;C:\Users\sam\AppData\Local\Programs\Python\Launcher\;C:\Users\sam\AppData\Local\Microsoft\WindowsApps;C:\Users\sam\AppData\Local\GitHubDesktop\bin;C:\Users\sam\AppData\Local\Programs\Microsoft VS Code\bin;C:\Users\sam\AppData\Roaming\npm;C:\Program Files\JetBrains\IntelliJ IDEA 2025.3.3\bin;.]
23-May-2026 15:13:55.990 INFO [main] org.apache.coyote.AbstractProtocol.init Initializing ProtocolHandler ["http-nio-8080"]
23-May-2026 15:13:56.016 INFO [main] org.apache.catalina.startup.Catalina.load Server initialization in [571] milliseconds
23-May-2026 15:13:56.074 INFO [main] org.apache.catalina.core.StandardService.startInternal Starting service [Catalina]
23-May-2026 15:13:56.075 INFO [main] org.apache.catalina.core.StandardEngine.startInternal Starting Servlet engine: [Apache Tomcat/10.1.55]
23-May-2026 15:13:56.089 INFO [main] org.apache.catalina.startup.HostConfig.deployDescriptor Deploying deployment descriptor [D:\Spring_for_sam\Rest_APi_jersey_basic\conf\Catalina\localhost\ROOT.xml]
23-May-2026 15:13:57.900 INFO [main] org.apache.jasper.servlet.TldScanner.scanJars At least one JAR was scanned for TLDs yet contained no TLDs. Enable debug logging for this logger for a complete list of JARs that were scanned but no TLDs were found in them. Skipping unneeded JARs during scanning can improve startup time and JSP compilation time.
23-May-2026 15:13:58.033 INFO [main] org.apache.catalina.startup.HostConfig.deployDescriptor Deployment of deployment descriptor [D:\Spring_for_sam\Rest_APi_jersey_basic\conf\Catalina\localhost\ROOT.xml] has finished in [1,940] ms
23-May-2026 15:13:58.036 INFO [main] org.apache.coyote.AbstractProtocol.start Starting ProtocolHandler ["http-nio-8080"]
23-May-2026 15:13:58.069 INFO [main] org.apache.catalina.startup.Catalina.start Server startup in [2049] milliseconds
23-May-2026 15:15:11.470 INFO [Thread-1] org.apache.coyote.AbstractProtocol.pause Pausing ProtocolHandler ["http-nio-8080"]
23-May-2026 15:15:11.478 INFO [Thread-1] org.apache.catalina.core.StandardService.stopInternal Stopping service [Catalina]
23-May-2026 15:15:11.486 INFO [Thread-1] org.apache.coyote.AbstractProtocol.stop Stopping ProtocolHandler ["http-nio-8080"]
23-May-2026 15:15:11.488 INFO [Thread-1] org.apache.coyote.AbstractProtocol.destroy Destroying ProtocolHandler ["http-nio-8080"]
23-May-2026 15:15:13.911 INFO [main] org.apache.catalina.startup.VersionLoggerListener.log Server version name:   Apache Tomcat/10.1.55
23-May-2026 15:15:13.914 INFO [main] org.apache.catalina.startup.VersionLoggerListener.log Server built:          May 5 2026 13:33:02 UTC
23-May-2026 15:15:13.914 INFO [main] org.apache.catalina.startup.VersionLoggerListener.log Server version number: 10.1.55.0
23-May-2026 15:15:13.914 INFO [main] org.apache.catalina.startup.VersionLoggerListener.log OS Name:               Windows 11
23-May-2026 15:15:13.914 INFO [main] org.apache.catalina.startup.VersionLoggerListener.log OS Version:            10.0
23-May-2026 15:15:13.914 INFO [main] org.apache.catalina.startup.VersionLoggerListener.log Architecture:          amd64
23-May-2026 15:15:13.914 INFO [main] org.apache.catalina.startup.VersionLoggerListener.log Java Home:             C:\Users\sam\.jdks\openjdk-25.0.2
23-May-2026 15:15:13.915 INFO [main] org.apache.catalina.startup.VersionLoggerListener.log JVM Version:           25.0.2+10-69
23-May-2026 15:15:13.915 INFO [main] org.apache.catalina.startup.VersionLoggerListener.log JVM Vendor:            Oracle Corporation
23-May-2026 15:15:13.915 INFO [main] org.apache.catalina.startup.VersionLoggerListener.log CATALINA_BASE:         D:\Spring_for_sam\Rest_APi_jersey_basic
23-May-2026 15:15:13.915 INFO [main] org.apache.catalina.startup.VersionLoggerListener.log CATALINA_HOME:         C:\Program Files\Apache Software Foundation\Tomcat 10.1
23-May-2026 15:15:13.925 INFO [main] org.apache.catalina.startup.VersionLoggerListener.log Command line argument: --add-opens=java.base/java.lang=ALL-UNNAMED
23-May-2026 15:15:13.925 INFO [main] org.apache.catalina.startup.VersionLoggerListener.log Command line argument: --add-opens=java.base/java.io=ALL-UNNAMED
23-May-2026 15:15:13.925 INFO [main] org.apache.catalina.startup.VersionLoggerListener.log Command line argument: --add-opens=java.base/java.util=ALL-UNNAMED
23-May-2026 15:15:13.925 INFO [main] org.apache.catalina.startup.VersionLoggerListener.log Command line argument: --add-opens=java.base/java.util.concurrent=ALL-UNNAMED
23-May-2026 15:15:13.925 INFO [main] org.apache.catalina.startup.VersionLoggerListener.log Command line argument: --add-opens=java.rmi/sun.rmi.transport=ALL-UNNAMED
23-May-2026 15:15:13.925 INFO [main] org.apache.catalina.startup.VersionLoggerListener.log Command line argument: -Dcatalina.home=C:\Program Files\Apache Software Foundation\Tomcat 10.1
23-May-2026 15:15:13.925 INFO [main] org.apache.catalina.startup.VersionLoggerListener.log Command line argument: -Dcatalina.base=D:\Spring_for_sam\Rest_APi_jersey_basic
23-May-2026 15:15:13.925 INFO [main] org.apache.catalina.startup.VersionLoggerListener.log Command line argument: -Djava.io.tmpdir=D:\Spring_for_sam\Rest_APi_jersey_basic\temp
23-May-2026 15:15:13.927 INFO [main] org.apache.catalina.startup.VersionLoggerListener.log Command line argument: -Djava.util.logging.config.file=D:\Spring_for_sam\Rest_APi_jersey_basic\conf\logging.properties
23-May-2026 15:15:13.927 INFO [main] org.apache.catalina.startup.VersionLoggerListener.log Command line argument: -Djava.util.logging.manager=org.apache.juli.ClassLoaderLogManager
23-May-2026 15:15:13.927 INFO [main] org.apache.catalina.startup.VersionLoggerListener.log Command line argument: -javaagent:C:\Program Files\JetBrains\IntelliJ IDEA 2025.3.3\lib\idea_rt.jar=60515
23-May-2026 15:15:13.927 INFO [main] org.apache.catalina.startup.VersionLoggerListener.log Command line argument: -Dfile.encoding=UTF-8
23-May-2026 15:15:13.927 INFO [main] org.apache.catalina.startup.VersionLoggerListener.log Command line argument: -Dsun.stdout.encoding=UTF-8
23-May-2026 15:15:13.927 INFO [main] org.apache.catalina.startup.VersionLoggerListener.log Command line argument: -Dsun.stderr.encoding=UTF-8
23-May-2026 15:15:13.938 INFO [main] org.apache.catalina.core.AprLifecycleListener.lifecycleEvent The Apache Tomcat Native library which allows using OpenSSL was not found on the java.library.path: [C:\Users\sam\.jdks\openjdk-25.0.2\bin;C:\WINDOWS\Sun\Java\bin;C:\WINDOWS\system32;C:\WINDOWS;C:\Program Files\Common Files\Oracle\Java\javapath;C:\Program Files (x86)\Common Files\Oracle\Java\java8path;C:\Program Files (x86)\Common Files\Oracle\Java\javapath;C:\WINDOWS\system32;C:\WINDOWS;C:\WINDOWS\System32\Wbem;C:\WINDOWS\System32\WindowsPowerShell\v1.0\;C:\WINDOWS\System32\OpenSSH\;C:\Program Files (x86)\NVIDIA Corporation\PhysX\Common;C:\Program Files\NVIDIA Corporation\NVIDIA NvDLISR;C:\Program Files\dotnet\;C:\MinGW\bin;C:\Program Files\Git\cmd;C:\Program Files\nodejs\;C:\Users\sam\apache-maven-3.9.14-bin\apache-maven-3.9.14\bin;C:\Users\sam\AppData\Local\Programs\Python\Launcher\;C:\Users\sam\AppData\Local\Microsoft\WindowsApps;C:\Users\sam\AppData\Local\GitHubDesktop\bin;C:\Users\sam\AppData\Local\Programs\Microsoft VS Code\bin;C:\Users\sam\AppData\Roaming\npm;C:\Program Files\JetBrains\IntelliJ IDEA 2025.3.3\bin;.]
23-May-2026 15:15:14.268 INFO [main] org.apache.coyote.AbstractProtocol.init Initializing ProtocolHandler ["http-nio-8080"]
23-May-2026 15:15:14.287 INFO [main] org.apache.catalina.startup.Catalina.load Server initialization in [559] milliseconds
23-May-2026 15:15:14.337 INFO [main] org.apache.catalina.core.StandardService.startInternal Starting service [Catalina]
23-May-2026 15:15:14.338 INFO [main] org.apache.catalina.core.StandardEngine.startInternal Starting Servlet engine: [Apache Tomcat/10.1.55]
23-May-2026 15:15:14.350 INFO [main] org.apache.catalina.startup.HostConfig.deployDescriptor Deploying deployment descriptor [D:\Spring_for_sam\Rest_APi_jersey_basic\conf\Catalina\localhost\ROOT.xml]
23-May-2026 15:15:16.166 INFO [main] org.apache.jasper.servlet.TldScanner.scanJars At least one JAR was scanned for TLDs yet contained no TLDs. Enable debug logging for this logger for a complete list of JARs that were scanned but no TLDs were found in them. Skipping unneeded JARs during scanning can improve startup time and JSP compilation time.
23-May-2026 15:15:16.283 INFO [main] org.apache.catalina.startup.HostConfig.deployDescriptor Deployment of deployment descriptor [D:\Spring_for_sam\Rest_APi_jersey_basic\conf\Catalina\localhost\ROOT.xml] has finished in [1,929] ms
23-May-2026 15:15:16.287 INFO [main] org.apache.coyote.AbstractProtocol.start Starting ProtocolHandler ["http-nio-8080"]
23-May-2026 15:15:16.327 INFO [main] org.apache.catalina.startup.Catalina.start Server startup in [2038] milliseconds
23-May-2026 15:16:58.129 INFO [Thread-1] org.apache.coyote.AbstractProtocol.pause Pausing ProtocolHandler ["http-nio-8080"]
23-May-2026 15:16:58.140 INFO [Thread-1] org.apache.catalina.core.StandardService.stopInternal Stopping service [Catalina]
23-May-2026 15:16:58.150 INFO [Thread-1] org.apache.coyote.AbstractProtocol.stop Stopping ProtocolHandler ["http-nio-8080"]
23-May-2026 15:16:58.162 INFO [Thread-1] org.apache.coyote.AbstractProtocol.destroy Destroying ProtocolHandler ["http-nio-8080"]
23-May-2026 15:17:01.090 INFO [main] org.apache.catalina.startup.VersionLoggerListener.log Server version name:   Apache Tomcat/10.1.55
23-May-2026 15:17:01.096 INFO [main] org.apache.catalina.startup.VersionLoggerListener.log Server built:          May 5 2026 13:33:02 UTC
23-May-2026 15:17:01.097 INFO [main] org.apache.catalina.startup.VersionLoggerListener.log Server version number: 10.1.55.0
23-May-2026 15:17:01.097 INFO [main] org.apache.catalina.startup.VersionLoggerListener.log OS Name:               Windows 11
23-May-2026 15:17:01.097 INFO [main] org.apache.catalina.startup.VersionLoggerListener.log OS Version:            10.0
23-May-2026 15:17:01.097 INFO [main] org.apache.catalina.startup.VersionLoggerListener.log Architecture:          amd64
23-May-2026 15:17:01.097 INFO [main] org.apache.catalina.startup.VersionLoggerListener.log Java Home:             C:\Users\sam\.jdks\openjdk-25.0.2
23-May-2026 15:17:01.097 INFO [main] org.apache.catalina.startup.VersionLoggerListener.log JVM Version:           25.0.2+10-69
23-May-2026 15:17:01.097 INFO [main] org.apache.catalina.startup.VersionLoggerListener.log JVM Vendor:            Oracle Corporation
23-May-2026 15:17:01.097 INFO [main] org.apache.catalina.startup.VersionLoggerListener.log CATALINA_BASE:         D:\Spring_for_sam\Rest_APi_jersey_basic
23-May-2026 15:17:01.098 INFO [main] org.apache.catalina.startup.VersionLoggerListener.log CATALINA_HOME:         C:\Program Files\Apache Software Foundation\Tomcat 10.1
23-May-2026 15:17:01.109 INFO [main] org.apache.catalina.startup.VersionLoggerListener.log Command line argument: --add-opens=java.base/java.lang=ALL-UNNAMED
23-May-2026 15:17:01.109 INFO [main] org.apache.catalina.startup.VersionLoggerListener.log Command line argument: --add-opens=java.base/java.io=ALL-UNNAMED
23-May-2026 15:17:01.109 INFO [main] org.apache.catalina.startup.VersionLoggerListener.log Command line argument: --add-opens=java.base/java.util=ALL-UNNAMED
23-May-2026 15:17:01.109 INFO [main] org.apache.catalina.startup.VersionLoggerListener.log Command line argument: --add-opens=java.base/java.util.concurrent=ALL-UNNAMED
23-May-2026 15:17:01.109 INFO [main] org.apache.catalina.startup.VersionLoggerListener.log Command line argument: --add-opens=java.rmi/sun.rmi.transport=ALL-UNNAMED
23-May-2026 15:17:01.109 INFO [main] org.apache.catalina.startup.VersionLoggerListener.log Command line argument: -Dcatalina.home=C:\Program Files\Apache Software Foundation\Tomcat 10.1
23-May-2026 15:17:01.110 INFO [main] org.apache.catalina.startup.VersionLoggerListener.log Command line argument: -Dcatalina.base=D:\Spring_for_sam\Rest_APi_jersey_basic
23-May-2026 15:17:01.110 INFO [main] org.apache.catalina.startup.VersionLoggerListener.log Command line argument: -Djava.io.tmpdir=D:\Spring_for_sam\Rest_APi_jersey_basic\temp
23-May-2026 15:17:01.110 INFO [main] org.apache.catalina.startup.VersionLoggerListener.log Command line argument: -Djava.util.logging.config.file=D:\Spring_for_sam\Rest_APi_jersey_basic\conf\logging.properties
23-May-2026 15:17:01.110 INFO [main] org.apache.catalina.startup.VersionLoggerListener.log Command line argument: -Djava.util.logging.manager=org.apache.juli.ClassLoaderLogManager
23-May-2026 15:17:01.110 INFO [main] org.apache.catalina.startup.VersionLoggerListener.log Command line argument: -javaagent:C:\Program Files\JetBrains\IntelliJ IDEA 2025.3.3\lib\idea_rt.jar=51008
23-May-2026 15:17:01.110 INFO [main] org.apache.catalina.startup.VersionLoggerListener.log Command line argument: -Dfile.encoding=UTF-8
23-May-2026 15:17:01.110 INFO [main] org.apache.catalina.startup.VersionLoggerListener.log Command line argument: -Dsun.stdout.encoding=UTF-8
23-May-2026 15:17:01.110 INFO [main] org.apache.catalina.startup.VersionLoggerListener.log Command line argument: -Dsun.stderr.encoding=UTF-8
23-May-2026 15:17:01.122 INFO [main] org.apache.catalina.core.AprLifecycleListener.lifecycleEvent The Apache Tomcat Native library which allows using OpenSSL was not found on the java.library.path: [C:\Users\sam\.jdks\openjdk-25.0.2\bin;C:\WINDOWS\Sun\Java\bin;C:\WINDOWS\system32;C:\WINDOWS;C:\Program Files\Common Files\Oracle\Java\javapath;C:\Program Files (x86)\Common Files\Oracle\Java\java8path;C:\Program Files (x86)\Common Files\Oracle\Java\javapath;C:\WINDOWS\system32;C:\WINDOWS;C:\WINDOWS\System32\Wbem;C:\WINDOWS\System32\WindowsPowerShell\v1.0\;C:\WINDOWS\System32\OpenSSH\;C:\Program Files (x86)\NVIDIA Corporation\PhysX\Common;C:\Program Files\NVIDIA Corporation\NVIDIA NvDLISR;C:\Program Files\dotnet\;C:\MinGW\bin;C:\Program Files\Git\cmd;C:\Program Files\nodejs\;C:\Users\sam\apache-maven-3.9.14-bin\apache-maven-3.9.14\bin;C:\Users\sam\AppData\Local\Programs\Python\Launcher\;C:\Users\sam\AppData\Local\Microsoft\WindowsApps;C:\Users\sam\AppData\Local\GitHubDesktop\bin;C:\Users\sam\AppData\Local\Programs\Microsoft VS Code\bin;C:\Users\sam\AppData\Roaming\npm;C:\Program Files\JetBrains\IntelliJ IDEA 2025.3.3\bin;.]
23-May-2026 15:17:01.447 INFO [main] org.apache.coyote.AbstractProtocol.init Initializing ProtocolHandler ["http-nio-8080"]
23-May-2026 15:17:01.466 INFO [main] org.apache.catalina.startup.Catalina.load Server initialization in [614] milliseconds
23-May-2026 15:17:01.520 INFO [main] org.apache.catalina.core.StandardService.startInternal Starting service [Catalina]
23-May-2026 15:17:01.520 INFO [main] org.apache.catalina.core.StandardEngine.startInternal Starting Servlet engine: [Apache Tomcat/10.1.55]
23-May-2026 15:17:01.532 INFO [main] org.apache.catalina.startup.HostConfig.deployDescriptor Deploying deployment descriptor [D:\Spring_for_sam\Rest_APi_jersey_basic\conf\Catalina\localhost\ROOT.xml]
23-May-2026 15:17:03.370 INFO [main] org.apache.jasper.servlet.TldScanner.scanJars At least one JAR was scanned for TLDs yet contained no TLDs. Enable debug logging for this logger for a complete list of JARs that were scanned but no TLDs were found in them. Skipping unneeded JARs during scanning can improve startup time and JSP compilation time.
23-May-2026 15:17:03.490 INFO [main] org.apache.catalina.startup.HostConfig.deployDescriptor Deployment of deployment descriptor [D:\Spring_for_sam\Rest_APi_jersey_basic\conf\Catalina\localhost\ROOT.xml] has finished in [1,955] ms
23-May-2026 15:17:03.494 INFO [main] org.apache.coyote.AbstractProtocol.start Starting ProtocolHandler ["http-nio-8080"]
23-May-2026 15:17:03.526 INFO [main] org.apache.catalina.startup.Catalina.start Server startup in [2056] milliseconds
23-May-2026 15:19:21.825 INFO [Thread-1] org.apache.coyote.AbstractProtocol.pause Pausing ProtocolHandler ["http-nio-8080"]
23-May-2026 15:19:21.833 INFO [Thread-1] org.apache.catalina.core.StandardService.stopInternal Stopping service [Catalina]
23-May-2026 15:19:21.841 INFO [Thread-1] org.apache.coyote.AbstractProtocol.stop Stopping ProtocolHandler ["http-nio-8080"]
23-May-2026 15:19:21.845 INFO [Thread-1] org.apache.coyote.AbstractProtocol.destroy Destroying ProtocolHandler ["http-nio-8080"]
23-May-2026 15:19:23.365 INFO [main] org.apache.catalina.startup.VersionLoggerListener.log Server version name:   Apache Tomcat/10.1.55
23-May-2026 15:19:23.368 INFO [main] org.apache.catalina.startup.VersionLoggerListener.log Server built:          May 5 2026 13:33:02 UTC
23-May-2026 15:19:23.369 INFO [main] org.apache.catalina.startup.VersionLoggerListener.log Server version number: 10.1.55.0
23-May-2026 15:19:23.369 INFO [main] org.apache.catalina.startup.VersionLoggerListener.log OS Name:               Windows 11
23-May-2026 15:19:23.369 INFO [main] org.apache.catalina.startup.VersionLoggerListener.log OS Version:            10.0
23-May-2026 15:19:23.369 INFO [main] org.apache.catalina.startup.VersionLoggerListener.log Architecture:          amd64
23-May-2026 15:19:23.369 INFO [main] org.apache.catalina.startup.VersionLoggerListener.log Java Home:             C:\Users\sam\.jdks\openjdk-25.0.2
23-May-2026 15:19:23.369 INFO [main] org.apache.catalina.startup.VersionLoggerListener.log JVM Version:           25.0.2+10-69
23-May-2026 15:19:23.369 INFO [main] org.apache.catalina.startup.VersionLoggerListener.log JVM Vendor:            Oracle Corporation
23-May-2026 15:19:23.369 INFO [main] org.apache.catalina.startup.VersionLoggerListener.log CATALINA_BASE:         D:\Spring_for_sam\Rest_APi_jersey_basic
23-May-2026 15:19:23.369 INFO [main] org.apache.catalina.startup.VersionLoggerListener.log CATALINA_HOME:         C:\Program Files\Apache Software Foundation\Tomcat 10.1
23-May-2026 15:19:23.380 INFO [main] org.apache.catalina.startup.VersionLoggerListener.log Command line argument: --add-opens=java.base/java.lang=ALL-UNNAMED
23-May-2026 15:19:23.380 INFO [main] org.apache.catalina.startup.VersionLoggerListener.log Command line argument: --add-opens=java.base/java.io=ALL-UNNAMED
23-May-2026 15:19:23.380 INFO [main] org.apache.catalina.startup.VersionLoggerListener.log Command line argument: --add-opens=java.base/java.util=ALL-UNNAMED
23-May-2026 15:19:23.380 INFO [main] org.apache.catalina.startup.VersionLoggerListener.log Command line argument: --add-opens=java.base/java.util.concurrent=ALL-UNNAMED
23-May-2026 15:19:23.380 INFO [main] org.apache.catalina.startup.VersionLoggerListener.log Command line argument: --add-opens=java.rmi/sun.rmi.transport=ALL-UNNAMED
23-May-2026 15:19:23.380 INFO [main] org.apache.catalina.startup.VersionLoggerListener.log Command line argument: -Dcatalina.home=C:\Program Files\Apache Software Foundation\Tomcat 10.1
23-May-2026 15:19:23.380 INFO [main] org.apache.catalina.startup.VersionLoggerListener.log Command line argument: -Dcatalina.base=D:\Spring_for_sam\Rest_APi_jersey_basic
23-May-2026 15:19:23.380 INFO [main] org.apache.catalina.startup.VersionLoggerListener.log Command line argument: -Djava.io.tmpdir=D:\Spring_for_sam\Rest_APi_jersey_basic\temp
23-May-2026 15:19:23.381 INFO [main] org.apache.catalina.startup.VersionLoggerListener.log Command line argument: -Djava.util.logging.config.file=D:\Spring_for_sam\Rest_APi_jersey_basic\conf\logging.properties
23-May-2026 15:19:23.381 INFO [main] org.apache.catalina.startup.VersionLoggerListener.log Command line argument: -Djava.util.logging.manager=org.apache.juli.ClassLoaderLogManager
23-May-2026 15:19:23.381 INFO [main] org.apache.catalina.startup.VersionLoggerListener.log Command line argument: -javaagent:C:\Program Files\JetBrains\IntelliJ IDEA 2025.3.3\lib\idea_rt.jar=54707
23-May-2026 15:19:23.381 INFO [main] org.apache.catalina.startup.VersionLoggerListener.log Command line argument: -Dfile.encoding=UTF-8
23-May-2026 15:19:23.381 INFO [main] org.apache.catalina.startup.VersionLoggerListener.log Command line argument: -Dsun.stdout.encoding=UTF-8
23-May-2026 15:19:23.381 INFO [main] org.apache.catalina.startup.VersionLoggerListener.log Command line argument: -Dsun.stderr.encoding=UTF-8
23-May-2026 15:19:23.394 INFO [main] org.apache.catalina.core.AprLifecycleListener.lifecycleEvent The Apache Tomcat Native library which allows using OpenSSL was not found on the java.library.path: [C:\Users\sam\.jdks\openjdk-25.0.2\bin;C:\WINDOWS\Sun\Java\bin;C:\WINDOWS\system32;C:\WINDOWS;C:\Program Files\Common Files\Oracle\Java\javapath;C:\Program Files (x86)\Common Files\Oracle\Java\java8path;C:\Program Files (x86)\Common Files\Oracle\Java\javapath;C:\WINDOWS\system32;C:\WINDOWS;C:\WINDOWS\System32\Wbem;C:\WINDOWS\System32\WindowsPowerShell\v1.0\;C:\WINDOWS\System32\OpenSSH\;C:\Program Files (x86)\NVIDIA Corporation\PhysX\Common;C:\Program Files\NVIDIA Corporation\NVIDIA NvDLISR;C:\Program Files\dotnet\;C:\MinGW\bin;C:\Program Files\Git\cmd;C:\Program Files\nodejs\;C:\Users\sam\apache-maven-3.9.14-bin\apache-maven-3.9.14\bin;C:\Users\sam\AppData\Local\Programs\Python\Launcher\;C:\Users\sam\AppData\Local\Microsoft\WindowsApps;C:\Users\sam\AppData\Local\GitHubDesktop\bin;C:\Users\sam\AppData\Local\Programs\Microsoft VS Code\bin;C:\Users\sam\AppData\Roaming\npm;C:\Program Files\JetBrains\IntelliJ IDEA 2025.3.3\bin;.]
23-May-2026 15:19:23.710 INFO [main] org.apache.coyote.AbstractProtocol.init Initializing ProtocolHandler ["http-nio-8080"]
23-May-2026 15:19:23.730 INFO [main] org.apache.catalina.startup.Catalina.load Server initialization in [616] milliseconds
23-May-2026 15:19:23.780 INFO [main] org.apache.catalina.core.StandardService.startInternal Starting service [Catalina]
23-May-2026 15:19:23.780 INFO [main] org.apache.catalina.core.StandardEngine.startInternal Starting Servlet engine: [Apache Tomcat/10.1.55]
23-May-2026 15:19:23.792 INFO [main] org.apache.catalina.startup.HostConfig.deployDescriptor Deploying deployment descriptor [D:\Spring_for_sam\Rest_APi_jersey_basic\conf\Catalina\localhost\ROOT.xml]
23-May-2026 15:19:25.582 INFO [main] org.apache.jasper.servlet.TldScanner.scanJars At least one JAR was scanned for TLDs yet contained no TLDs. Enable debug logging for this logger for a complete list of JARs that were scanned but no TLDs were found in them. Skipping unneeded JARs during scanning can improve startup time and JSP compilation time.
23-May-2026 15:19:25.691 INFO [main] org.apache.catalina.startup.HostConfig.deployDescriptor Deployment of deployment descriptor [D:\Spring_for_sam\Rest_APi_jersey_basic\conf\Catalina\localhost\ROOT.xml] has finished in [1,897] ms
23-May-2026 15:19:25.696 INFO [main] org.apache.coyote.AbstractProtocol.start Starting ProtocolHandler ["http-nio-8080"]
23-May-2026 15:19:25.728 INFO [main] org.apache.catalina.startup.Catalina.start Server startup in [1995] milliseconds
23-May-2026 15:22:00.459 INFO [Thread-1] org.apache.coyote.AbstractProtocol.pause Pausing ProtocolHandler ["http-nio-8080"]
23-May-2026 15:22:00.467 INFO [Thread-1] org.apache.catalina.core.StandardService.stopInternal Stopping service [Catalina]
23-May-2026 15:22:00.477 INFO [Thread-1] org.apache.coyote.AbstractProtocol.stop Stopping ProtocolHandler ["http-nio-8080"]
23-May-2026 15:22:00.490 INFO [Thread-1] org.apache.coyote.AbstractProtocol.destroy Destroying ProtocolHandler ["http-nio-8080"]
23-May-2026 15:22:24.814 INFO [main] org.apache.catalina.startup.VersionLoggerListener.log Server version name:   Apache Tomcat/10.1.55
23-May-2026 15:22:24.819 INFO [main] org.apache.catalina.startup.VersionLoggerListener.log Server built:          May 5 2026 13:33:02 UTC
23-May-2026 15:22:24.820 INFO [main] org.apache.catalina.startup.VersionLoggerListener.log Server version number: 10.1.55.0
23-May-2026 15:22:24.820 INFO [main] org.apache.catalina.startup.VersionLoggerListener.log OS Name:               Windows 11
23-May-2026 15:22:24.820 INFO [main] org.apache.catalina.startup.VersionLoggerListener.log OS Version:            10.0
23-May-2026 15:22:24.820 INFO [main] org.apache.catalina.startup.VersionLoggerListener.log Architecture:          amd64
23-May-2026 15:22:24.820 INFO [main] org.apache.catalina.startup.VersionLoggerListener.log Java Home:             C:\Users\sam\.jdks\openjdk-25.0.2
23-May-2026 15:22:24.821 INFO [main] org.apache.catalina.startup.VersionLoggerListener.log JVM Version:           25.0.2+10-69
23-May-2026 15:22:24.821 INFO [main] org.apache.catalina.startup.VersionLoggerListener.log JVM Vendor:            Oracle Corporation
23-May-2026 15:22:24.821 INFO [main] org.apache.catalina.startup.VersionLoggerListener.log CATALINA_BASE:         D:\Spring_for_sam\Rest_APi_jersey_basic
23-May-2026 15:22:24.821 INFO [main] org.apache.catalina.startup.VersionLoggerListener.log CATALINA_HOME:         C:\Program Files\Apache Software Foundation\Tomcat 10.1
23-May-2026 15:22:24.834 INFO [main] org.apache.catalina.startup.VersionLoggerListener.log Command line argument: --add-opens=java.base/java.lang=ALL-UNNAMED
23-May-2026 15:22:24.834 INFO [main] org.apache.catalina.startup.VersionLoggerListener.log Command line argument: --add-opens=java.base/java.io=ALL-UNNAMED
23-May-2026 15:22:24.834 INFO [main] org.apache.catalina.startup.VersionLoggerListener.log Command line argument: --add-opens=java.base/java.util=ALL-UNNAMED
23-May-2026 15:22:24.834 INFO [main] org.apache.catalina.startup.VersionLoggerListener.log Command line argument: --add-opens=java.base/java.util.concurrent=ALL-UNNAMED
23-May-2026 15:22:24.834 INFO [main] org.apache.catalina.startup.VersionLoggerListener.log Command line argument: --add-opens=java.rmi/sun.rmi.transport=ALL-UNNAMED
23-May-2026 15:22:24.834 INFO [main] org.apache.catalina.startup.VersionLoggerListener.log Command line argument: -Dcatalina.home=C:\Program Files\Apache Software Foundation\Tomcat 10.1
23-May-2026 15:22:24.836 INFO [main] org.apache.catalina.startup.VersionLoggerListener.log Command line argument: -Dcatalina.base=D:\Spring_for_sam\Rest_APi_jersey_basic
23-May-2026 15:22:24.836 INFO [main] org.apache.catalina.startup.VersionLoggerListener.log Command line argument: -Djava.io.tmpdir=D:\Spring_for_sam\Rest_APi_jersey_basic\temp
23-May-2026 15:22:24.836 INFO [main] org.apache.catalina.startup.VersionLoggerListener.log Command line argument: -Djava.util.logging.config.file=D:\Spring_for_sam\Rest_APi_jersey_basic\conf\logging.properties
23-May-2026 15:22:24.836 INFO [main] org.apache.catalina.startup.VersionLoggerListener.log Command line argument: -Djava.util.logging.manager=org.apache.juli.ClassLoaderLogManager
23-May-2026 15:22:24.836 INFO [main] org.apache.catalina.startup.VersionLoggerListener.log Command line argument: -javaagent:C:\Program Files\JetBrains\IntelliJ IDEA 2025.3.3\lib\idea_rt.jar=56557
23-May-2026 15:22:24.836 INFO [main] org.apache.catalina.startup.VersionLoggerListener.log Command line argument: -Dfile.encoding=UTF-8
23-May-2026 15:22:24.836 INFO [main] org.apache.catalina.startup.VersionLoggerListener.log Command line argument: -Dsun.stdout.encoding=UTF-8
23-May-2026 15:22:24.836 INFO [main] org.apache.catalina.startup.VersionLoggerListener.log Command line argument: -Dsun.stderr.encoding=UTF-8
23-May-2026 15:22:24.847 INFO [main] org.apache.catalina.core.AprLifecycleListener.lifecycleEvent The Apache Tomcat Native library which allows using OpenSSL was not found on the java.library.path: [C:\Users\sam\.jdks\openjdk-25.0.2\bin;C:\WINDOWS\Sun\Java\bin;C:\WINDOWS\system32;C:\WINDOWS;C:\Program Files\Common Files\Oracle\Java\javapath;C:\Program Files (x86)\Common Files\Oracle\Java\java8path;C:\Program Files (x86)\Common Files\Oracle\Java\javapath;C:\WINDOWS\system32;C:\WINDOWS;C:\WINDOWS\System32\Wbem;C:\WINDOWS\System32\WindowsPowerShell\v1.0\;C:\WINDOWS\System32\OpenSSH\;C:\Program Files (x86)\NVIDIA Corporation\PhysX\Common;C:\Program Files\NVIDIA Corporation\NVIDIA NvDLISR;C:\Program Files\dotnet\;C:\MinGW\bin;C:\Program Files\Git\cmd;C:\Program Files\nodejs\;C:\Users\sam\apache-maven-3.9.14-bin\apache-maven-3.9.14\bin;C:\Users\sam\AppData\Local\Programs\Python\Launcher\;C:\Users\sam\AppData\Local\Microsoft\WindowsApps;C:\Users\sam\AppData\Local\GitHubDesktop\bin;C:\Users\sam\AppData\Local\Programs\Microsoft VS Code\bin;C:\Users\sam\AppData\Roaming\npm;C:\Program Files\JetBrains\IntelliJ IDEA 2025.3.3\bin;.]
23-May-2026 15:22:25.159 INFO [main] org.apache.coyote.AbstractProtocol.init Initializing ProtocolHandler ["http-nio-8080"]
23-May-2026 15:22:25.179 INFO [main] org.apache.catalina.startup.Catalina.load Server initialization in [581] milliseconds
23-May-2026 15:22:25.232 INFO [main] org.apache.catalina.core.StandardService.startInternal Starting service [Catalina]
23-May-2026 15:22:25.232 INFO [main] org.apache.catalina.core.StandardEngine.startInternal Starting Servlet engine: [Apache Tomcat/10.1.55]
23-May-2026 15:22:25.244 INFO [main] org.apache.catalina.startup.HostConfig.deployDescriptor Deploying deployment descriptor [D:\Spring_for_sam\Rest_APi_jersey_basic\conf\Catalina\localhost\ROOT.xml]
23-May-2026 15:22:26.928 INFO [main] org.apache.jasper.servlet.TldScanner.scanJars At least one JAR was scanned for TLDs yet contained no TLDs. Enable debug logging for this logger for a complete list of JARs that were scanned but no TLDs were found in them. Skipping unneeded JARs during scanning can improve startup time and JSP compilation time.
23-May-2026 15:22:27.039 INFO [main] org.apache.catalina.startup.HostConfig.deployDescriptor Deployment of deployment descriptor [D:\Spring_for_sam\Rest_APi_jersey_basic\conf\Catalina\localhost\ROOT.xml] has finished in [1,792] ms
23-May-2026 15:22:27.045 INFO [main] org.apache.coyote.AbstractProtocol.start Starting ProtocolHandler ["http-nio-8080"]
23-May-2026 15:22:27.075 INFO [main] org.apache.catalina.startup.Catalina.start Server startup in [1894] milliseconds
23-May-2026 15:23:29.359 INFO [Thread-1] org.apache.coyote.AbstractProtocol.pause Pausing ProtocolHandler ["http-nio-8080"]
23-May-2026 15:23:29.366 INFO [Thread-1] org.apache.catalina.core.StandardService.stopInternal Stopping service [Catalina]
23-May-2026 15:23:29.373 INFO [Thread-1] org.apache.coyote.AbstractProtocol.stop Stopping ProtocolHandler ["http-nio-8080"]
23-May-2026 15:23:29.377 INFO [Thread-1] org.apache.coyote.AbstractProtocol.destroy Destroying ProtocolHandler ["http-nio-8080"]
23-May-2026 15:23:32.426 INFO [main] org.apache.catalina.startup.VersionLoggerListener.log Server version name:   Apache Tomcat/10.1.55
23-May-2026 15:23:32.430 INFO [main] org.apache.catalina.startup.VersionLoggerListener.log Server built:          May 5 2026 13:33:02 UTC
23-May-2026 15:23:32.430 INFO [main] org.apache.catalina.startup.VersionLoggerListener.log Server version number: 10.1.55.0
23-May-2026 15:23:32.430 INFO [main] org.apache.catalina.startup.VersionLoggerListener.log OS Name:               Windows 11
23-May-2026 15:23:32.430 INFO [main] org.apache.catalina.startup.VersionLoggerListener.log OS Version:            10.0
23-May-2026 15:23:32.430 INFO [main] org.apache.catalina.startup.VersionLoggerListener.log Architecture:          amd64
23-May-2026 15:23:32.431 INFO [main] org.apache.catalina.startup.VersionLoggerListener.log Java Home:             C:\Users\sam\.jdks\openjdk-25.0.2
23-May-2026 15:23:32.431 INFO [main] org.apache.catalina.startup.VersionLoggerListener.log JVM Version:           25.0.2+10-69
23-May-2026 15:23:32.431 INFO [main] org.apache.catalina.startup.VersionLoggerListener.log JVM Vendor:            Oracle Corporation
23-May-2026 15:23:32.431 INFO [main] org.apache.catalina.startup.VersionLoggerListener.log CATALINA_BASE:         D:\Spring_for_sam\Rest_APi_jersey_basic
23-May-2026 15:23:32.431 INFO [main] org.apache.catalina.startup.VersionLoggerListener.log CATALINA_HOME:         C:\Program Files\Apache Software Foundation\Tomcat 10.1
23-May-2026 15:23:32.439 INFO [main] org.apache.catalina.startup.VersionLoggerListener.log Command line argument: --add-opens=java.base/java.lang=ALL-UNNAMED
23-May-2026 15:23:32.439 INFO [main] org.apache.catalina.startup.VersionLoggerListener.log Command line argument: --add-opens=java.base/java.io=ALL-UNNAMED
23-May-2026 15:23:32.439 INFO [main] org.apache.catalina.startup.VersionLoggerListener.log Command line argument: --add-opens=java.base/java.util=ALL-UNNAMED
23-May-2026 15:23:32.439 INFO [main] org.apache.catalina.startup.VersionLoggerListener.log Command line argument: --add-opens=java.base/java.util.concurrent=ALL-UNNAMED
23-May-2026 15:23:32.439 INFO [main] org.apache.catalina.startup.VersionLoggerListener.log Command line argument: --add-opens=java.rmi/sun.rmi.transport=ALL-UNNAMED
23-May-2026 15:23:32.439 INFO [main] org.apache.catalina.startup.VersionLoggerListener.log Command line argument: -Dcatalina.home=C:\Program Files\Apache Software Foundation\Tomcat 10.1
23-May-2026 15:23:32.439 INFO [main] org.apache.catalina.startup.VersionLoggerListener.log Command line argument: -Dcatalina.base=D:\Spring_for_sam\Rest_APi_jersey_basic
23-May-2026 15:23:32.439 INFO [main] org.apache.catalina.startup.VersionLoggerListener.log Command line argument: -Djava.io.tmpdir=D:\Spring_for_sam\Rest_APi_jersey_basic\temp
23-May-2026 15:23:32.439 INFO [main] org.apache.catalina.startup.VersionLoggerListener.log Command line argument: -Djava.util.logging.config.file=D:\Spring_for_sam\Rest_APi_jersey_basic\conf\logging.properties
23-May-2026 15:23:32.439 INFO [main] org.apache.catalina.startup.VersionLoggerListener.log Command line argument: -Djava.util.logging.manager=org.apache.juli.ClassLoaderLogManager
23-May-2026 15:23:32.439 INFO [main] org.apache.catalina.startup.VersionLoggerListener.log Command line argument: -javaagent:C:\Program Files\JetBrains\IntelliJ IDEA 2025.3.3\lib\idea_rt.jar=55491
23-May-2026 15:23:32.441 INFO [main] org.apache.catalina.startup.VersionLoggerListener.log Command line argument: -Dfile.encoding=UTF-8
23-May-2026 15:23:32.441 INFO [main] org.apache.catalina.startup.VersionLoggerListener.log Command line argument: -Dsun.stdout.encoding=UTF-8
23-May-2026 15:23:32.441 INFO [main] org.apache.catalina.startup.VersionLoggerListener.log Command line argument: -Dsun.stderr.encoding=UTF-8
23-May-2026 15:23:32.450 INFO [main] org.apache.catalina.core.AprLifecycleListener.lifecycleEvent The Apache Tomcat Native library which allows using OpenSSL was not found on the java.library.path: [C:\Users\sam\.jdks\openjdk-25.0.2\bin;C:\WINDOWS\Sun\Java\bin;C:\WINDOWS\system32;C:\WINDOWS;C:\Program Files\Common Files\Oracle\Java\javapath;C:\Program Files (x86)\Common Files\Oracle\Java\java8path;C:\Program Files (x86)\Common Files\Oracle\Java\javapath;C:\WINDOWS\system32;C:\WINDOWS;C:\WINDOWS\System32\Wbem;C:\WINDOWS\System32\WindowsPowerShell\v1.0\;C:\WINDOWS\System32\OpenSSH\;C:\Program Files (x86)\NVIDIA Corporation\PhysX\Common;C:\Program Files\NVIDIA Corporation\NVIDIA NvDLISR;C:\Program Files\dotnet\;C:\MinGW\bin;C:\Program Files\Git\cmd;C:\Program Files\nodejs\;C:\Users\sam\apache-maven-3.9.14-bin\apache-maven-3.9.14\bin;C:\Users\sam\AppData\Local\Programs\Python\Launcher\;C:\Users\sam\AppData\Local\Microsoft\WindowsApps;C:\Users\sam\AppData\Local\GitHubDesktop\bin;C:\Users\sam\AppData\Local\Programs\Microsoft VS Code\bin;C:\Users\sam\AppData\Roaming\npm;C:\Program Files\JetBrains\IntelliJ IDEA 2025.3.3\bin;.]
23-May-2026 15:23:32.731 INFO [main] org.apache.coyote.AbstractProtocol.init Initializing ProtocolHandler ["http-nio-8080"]
23-May-2026 15:23:32.750 INFO [main] org.apache.catalina.startup.Catalina.load Server initialization in [501] milliseconds
23-May-2026 15:23:32.794 INFO [main] org.apache.catalina.core.StandardService.startInternal Starting service [Catalina]
23-May-2026 15:23:32.795 INFO [main] org.apache.catalina.core.StandardEngine.startInternal Starting Servlet engine: [Apache Tomcat/10.1.55]
23-May-2026 15:23:32.808 INFO [main] org.apache.catalina.startup.HostConfig.deployDescriptor Deploying deployment descriptor [D:\Spring_for_sam\Rest_APi_jersey_basic\conf\Catalina\localhost\ROOT.xml]
23-May-2026 15:23:34.467 INFO [main] org.apache.jasper.servlet.TldScanner.scanJars At least one JAR was scanned for TLDs yet contained no TLDs. Enable debug logging for this logger for a complete list of JARs that were scanned but no TLDs were found in them. Skipping unneeded JARs during scanning can improve startup time and JSP compilation time.
23-May-2026 15:23:34.582 INFO [main] org.apache.catalina.startup.HostConfig.deployDescriptor Deployment of deployment descriptor [D:\Spring_for_sam\Rest_APi_jersey_basic\conf\Catalina\localhost\ROOT.xml] has finished in [1,769] ms
23-May-2026 15:23:34.585 INFO [main] org.apache.coyote.AbstractProtocol.start Starting ProtocolHandler ["http-nio-8080"]
23-May-2026 15:23:34.613 INFO [main] org.apache.catalina.startup.Catalina.start Server startup in [1861] milliseconds
23-May-2026 15:25:49.523 INFO [Thread-1] org.apache.coyote.AbstractProtocol.pause Pausing ProtocolHandler ["http-nio-8080"]
23-May-2026 15:25:49.529 INFO [Thread-1] org.apache.catalina.core.StandardService.stopInternal Stopping service [Catalina]
23-May-2026 15:25:49.536 INFO [Thread-1] org.apache.coyote.AbstractProtocol.stop Stopping ProtocolHandler ["http-nio-8080"]
23-May-2026 15:25:49.540 INFO [Thread-1] org.apache.coyote.AbstractProtocol.destroy Destroying ProtocolHandler ["http-nio-8080"]
23-May-2026 15:25:51.688 INFO [main] org.apache.catalina.startup.VersionLoggerListener.log Server version name:   Apache Tomcat/10.1.55
23-May-2026 15:25:51.691 INFO [main] org.apache.catalina.startup.VersionLoggerListener.log Server built:          May 5 2026 13:33:02 UTC
23-May-2026 15:25:51.691 INFO [main] org.apache.catalina.startup.VersionLoggerListener.log Server version number: 10.1.55.0
23-May-2026 15:25:51.692 INFO [main] org.apache.catalina.startup.VersionLoggerListener.log OS Name:               Windows 11
23-May-2026 15:25:51.692 INFO [main] org.apache.catalina.startup.VersionLoggerListener.log OS Version:            10.0
23-May-2026 15:25:51.692 INFO [main] org.apache.catalina.startup.VersionLoggerListener.log Architecture:          amd64
23-May-2026 15:25:51.692 INFO [main] org.apache.catalina.startup.VersionLoggerListener.log Java Home:             C:\Users\sam\.jdks\openjdk-25.0.2
23-May-2026 15:25:51.692 INFO [main] org.apache.catalina.startup.VersionLoggerListener.log JVM Version:           25.0.2+10-69
23-May-2026 15:25:51.692 INFO [main] org.apache.catalina.startup.VersionLoggerListener.log JVM Vendor:            Oracle Corporation
23-May-2026 15:25:51.692 INFO [main] org.apache.catalina.startup.VersionLoggerListener.log CATALINA_BASE:         D:\Spring_for_sam\Rest_APi_jersey_basic
23-May-2026 15:25:51.692 INFO [main] org.apache.catalina.startup.VersionLoggerListener.log CATALINA_HOME:         C:\Program Files\Apache Software Foundation\Tomcat 10.1
23-May-2026 15:25:51.701 INFO [main] org.apache.catalina.startup.VersionLoggerListener.log Command line argument: --add-opens=java.base/java.lang=ALL-UNNAMED
23-May-2026 15:25:51.701 INFO [main] org.apache.catalina.startup.VersionLoggerListener.log Command line argument: --add-opens=java.base/java.io=ALL-UNNAMED
23-May-2026 15:25:51.702 INFO [main] org.apache.catalina.startup.VersionLoggerListener.log Command line argument: --add-opens=java.base/java.util=ALL-UNNAMED
23-May-2026 15:25:51.702 INFO [main] org.apache.catalina.startup.VersionLoggerListener.log Command line argument: --add-opens=java.base/java.util.concurrent=ALL-UNNAMED
23-May-2026 15:25:51.702 INFO [main] org.apache.catalina.startup.VersionLoggerListener.log Command line argument: --add-opens=java.rmi/sun.rmi.transport=ALL-UNNAMED
23-May-2026 15:25:51.702 INFO [main] org.apache.catalina.startup.VersionLoggerListener.log Command line argument: -Dcatalina.home=C:\Program Files\Apache Software Foundation\Tomcat 10.1
23-May-2026 15:25:51.702 INFO [main] org.apache.catalina.startup.VersionLoggerListener.log Command line argument: -Dcatalina.base=D:\Spring_for_sam\Rest_APi_jersey_basic
23-May-2026 15:25:51.702 INFO [main] org.apache.catalina.startup.VersionLoggerListener.log Command line argument: -Djava.io.tmpdir=D:\Spring_for_sam\Rest_APi_jersey_basic\temp
23-May-2026 15:25:51.702 INFO [main] org.apache.catalina.startup.VersionLoggerListener.log Command line argument: -Djava.util.logging.config.file=D:\Spring_for_sam\Rest_APi_jersey_basic\conf\logging.properties
23-May-2026 15:25:51.702 INFO [main] org.apache.catalina.startup.VersionLoggerListener.log Command line argument: -Djava.util.logging.manager=org.apache.juli.ClassLoaderLogManager
23-May-2026 15:25:51.702 INFO [main] org.apache.catalina.startup.VersionLoggerListener.log Command line argument: -javaagent:C:\Program Files\JetBrains\IntelliJ IDEA 2025.3.3\lib\idea_rt.jar=57450
23-May-2026 15:25:51.703 INFO [main] org.apache.catalina.startup.VersionLoggerListener.log Command line argument: -Dfile.encoding=UTF-8
23-May-2026 15:25:51.703 INFO [main] org.apache.catalina.startup.VersionLoggerListener.log Command line argument: -Dsun.stdout.encoding=UTF-8
23-May-2026 15:25:51.703 INFO [main] org.apache.catalina.startup.VersionLoggerListener.log Command line argument: -Dsun.stderr.encoding=UTF-8
23-May-2026 15:25:51.711 INFO [main] org.apache.catalina.core.AprLifecycleListener.lifecycleEvent The Apache Tomcat Native library which allows using OpenSSL was not found on the java.library.path: [C:\Users\sam\.jdks\openjdk-25.0.2\bin;C:\WINDOWS\Sun\Java\bin;C:\WINDOWS\system32;C:\WINDOWS;C:\Program Files\Common Files\Oracle\Java\javapath;C:\Program Files (x86)\Common Files\Oracle\Java\java8path;C:\Program Files (x86)\Common Files\Oracle\Java\javapath;C:\WINDOWS\system32;C:\WINDOWS;C:\WINDOWS\System32\Wbem;C:\WINDOWS\System32\WindowsPowerShell\v1.0\;C:\WINDOWS\System32\OpenSSH\;C:\Program Files (x86)\NVIDIA Corporation\PhysX\Common;C:\Program Files\NVIDIA Corporation\NVIDIA NvDLISR;C:\Program Files\dotnet\;C:\MinGW\bin;C:\Program Files\Git\cmd;C:\Program Files\nodejs\;C:\Users\sam\apache-maven-3.9.14-bin\apache-maven-3.9.14\bin;C:\Users\sam\AppData\Local\Programs\Python\Launcher\;C:\Users\sam\AppData\Local\Microsoft\WindowsApps;C:\Users\sam\AppData\Local\GitHubDesktop\bin;C:\Users\sam\AppData\Local\Programs\Microsoft VS Code\bin;C:\Users\sam\AppData\Roaming\npm;C:\Program Files\JetBrains\IntelliJ IDEA 2025.3.3\bin;.]
23-May-2026 15:25:52.007 INFO [main] org.apache.coyote.AbstractProtocol.init Initializing ProtocolHandler ["http-nio-8080"]
23-May-2026 15:25:52.025 INFO [main] org.apache.catalina.startup.Catalina.load Server initialization in [519] milliseconds
23-May-2026 15:25:52.074 INFO [main] org.apache.catalina.core.StandardService.startInternal Starting service [Catalina]
23-May-2026 15:25:52.074 INFO [main] org.apache.catalina.core.StandardEngine.startInternal Starting Servlet engine: [Apache Tomcat/10.1.55]
23-May-2026 15:25:52.084 INFO [main] org.apache.catalina.startup.HostConfig.deployDescriptor Deploying deployment descriptor [D:\Spring_for_sam\Rest_APi_jersey_basic\conf\Catalina\localhost\ROOT.xml]
23-May-2026 15:25:53.635 INFO [main] org.apache.jasper.servlet.TldScanner.scanJars At least one JAR was scanned for TLDs yet contained no TLDs. Enable debug logging for this logger for a complete list of JARs that were scanned but no TLDs were found in them. Skipping unneeded JARs during scanning can improve startup time and JSP compilation time.
23-May-2026 15:25:53.736 INFO [main] org.apache.catalina.startup.HostConfig.deployDescriptor Deployment of deployment descriptor [D:\Spring_for_sam\Rest_APi_jersey_basic\conf\Catalina\localhost\ROOT.xml] has finished in [1,649] ms
23-May-2026 15:25:53.739 INFO [main] org.apache.coyote.AbstractProtocol.start Starting ProtocolHandler ["http-nio-8080"]
23-May-2026 15:25:53.766 INFO [main] org.apache.catalina.startup.Catalina.start Server startup in [1739] milliseconds
23-May-2026 15:36:45.734 INFO [Thread-1] org.apache.coyote.AbstractProtocol.pause Pausing ProtocolHandler ["http-nio-8080"]
23-May-2026 15:36:45.741 INFO [Thread-1] org.apache.catalina.core.StandardService.stopInternal Stopping service [Catalina]
23-May-2026 15:36:45.749 INFO [Thread-1] org.apache.coyote.AbstractProtocol.stop Stopping ProtocolHandler ["http-nio-8080"]
23-May-2026 15:36:45.753 INFO [Thread-1] org.apache.coyote.AbstractProtocol.destroy Destroying ProtocolHandler ["http-nio-8080"]
23-May-2026 15:36:48.957 INFO [main] org.apache.catalina.startup.VersionLoggerListener.log Server version name:   Apache Tomcat/10.1.55
23-May-2026 15:36:48.960 INFO [main] org.apache.catalina.startup.VersionLoggerListener.log Server built:          May 5 2026 13:33:02 UTC
23-May-2026 15:36:48.960 INFO [main] org.apache.catalina.startup.VersionLoggerListener.log Server version number: 10.1.55.0
23-May-2026 15:36:48.960 INFO [main] org.apache.catalina.startup.VersionLoggerListener.log OS Name:               Windows 11
23-May-2026 15:36:48.960 INFO [main] org.apache.catalina.startup.VersionLoggerListener.log OS Version:            10.0
23-May-2026 15:36:48.960 INFO [main] org.apache.catalina.startup.VersionLoggerListener.log Architecture:          amd64
23-May-2026 15:36:48.960 INFO [main] org.apache.catalina.startup.VersionLoggerListener.log Java Home:             C:\Users\sam\.jdks\openjdk-25.0.2
23-May-2026 15:36:48.961 INFO [main] org.apache.catalina.startup.VersionLoggerListener.log JVM Version:           25.0.2+10-69
23-May-2026 15:36:48.961 INFO [main] org.apache.catalina.startup.VersionLoggerListener.log JVM Vendor:            Oracle Corporation
23-May-2026 15:36:48.961 INFO [main] org.apache.catalina.startup.VersionLoggerListener.log CATALINA_BASE:         D:\Spring_for_sam\Rest_APi_jersey_basic
23-May-2026 15:36:48.961 INFO [main] org.apache.catalina.startup.VersionLoggerListener.log CATALINA_HOME:         C:\Program Files\Apache Software Foundation\Tomcat 10.1
23-May-2026 15:36:48.970 INFO [main] org.apache.catalina.startup.VersionLoggerListener.log Command line argument: --add-opens=java.base/java.lang=ALL-UNNAMED
23-May-2026 15:36:48.970 INFO [main] org.apache.catalina.startup.VersionLoggerListener.log Command line argument: --add-opens=java.base/java.io=ALL-UNNAMED
23-May-2026 15:36:48.971 INFO [main] org.apache.catalina.startup.VersionLoggerListener.log Command line argument: --add-opens=java.base/java.util=ALL-UNNAMED
23-May-2026 15:36:48.971 INFO [main] org.apache.catalina.startup.VersionLoggerListener.log Command line argument: --add-opens=java.base/java.util.concurrent=ALL-UNNAMED
23-May-2026 15:36:48.971 INFO [main] org.apache.catalina.startup.VersionLoggerListener.log Command line argument: --add-opens=java.rmi/sun.rmi.transport=ALL-UNNAMED
23-May-2026 15:36:48.971 INFO [main] org.apache.catalina.startup.VersionLoggerListener.log Command line argument: -Dcatalina.home=C:\Program Files\Apache Software Foundation\Tomcat 10.1
23-May-2026 15:36:48.971 INFO [main] org.apache.catalina.startup.VersionLoggerListener.log Command line argument: -Dcatalina.base=D:\Spring_for_sam\Rest_APi_jersey_basic
23-May-2026 15:36:48.971 INFO [main] org.apache.catalina.startup.VersionLoggerListener.log Command line argument: -Djava.io.tmpdir=D:\Spring_for_sam\Rest_APi_jersey_basic\temp
23-May-2026 15:36:48.971 INFO [main] org.apache.catalina.startup.VersionLoggerListener.log Command line argument: -Djava.util.logging.config.file=D:\Spring_for_sam\Rest_APi_jersey_basic\conf\logging.properties
23-May-2026 15:36:48.971 INFO [main] org.apache.catalina.startup.VersionLoggerListener.log Command line argument: -Djava.util.logging.manager=org.apache.juli.ClassLoaderLogManager
23-May-2026 15:36:48.971 INFO [main] org.apache.catalina.startup.VersionLoggerListener.log Command line argument: -javaagent:C:\Program Files\JetBrains\IntelliJ IDEA 2025.3.3\lib\idea_rt.jar=61584
23-May-2026 15:36:48.971 INFO [main] org.apache.catalina.startup.VersionLoggerListener.log Command line argument: -Dfile.encoding=UTF-8
23-May-2026 15:36:48.972 INFO [main] org.apache.catalina.startup.VersionLoggerListener.log Command line argument: -Dsun.stdout.encoding=UTF-8
23-May-2026 15:36:48.972 INFO [main] org.apache.catalina.startup.VersionLoggerListener.log Command line argument: -Dsun.stderr.encoding=UTF-8
23-May-2026 15:36:48.983 INFO [main] org.apache.catalina.core.AprLifecycleListener.lifecycleEvent The Apache Tomcat Native library which allows using OpenSSL was not found on the java.library.path: [C:\Users\sam\.jdks\openjdk-25.0.2\bin;C:\WINDOWS\Sun\Java\bin;C:\WINDOWS\system32;C:\WINDOWS;C:\Program Files\Common Files\Oracle\Java\javapath;C:\Program Files (x86)\Common Files\Oracle\Java\java8path;C:\Program Files (x86)\Common Files\Oracle\Java\javapath;C:\WINDOWS\system32;C:\WINDOWS;C:\WINDOWS\System32\Wbem;C:\WINDOWS\System32\WindowsPowerShell\v1.0\;C:\WINDOWS\System32\OpenSSH\;C:\Program Files (x86)\NVIDIA Corporation\PhysX\Common;C:\Program Files\NVIDIA Corporation\NVIDIA NvDLISR;C:\Program Files\dotnet\;C:\MinGW\bin;C:\Program Files\Git\cmd;C:\Program Files\nodejs\;C:\Users\sam\apache-maven-3.9.14-bin\apache-maven-3.9.14\bin;C:\Users\sam\AppData\Local\Programs\Python\Launcher\;C:\Users\sam\AppData\Local\Microsoft\WindowsApps;C:\Users\sam\AppData\Local\GitHubDesktop\bin;C:\Users\sam\AppData\Local\Programs\Microsoft VS Code\bin;C:\Users\sam\AppData\Roaming\npm;C:\Program Files\JetBrains\IntelliJ IDEA 2025.3.3\bin;.]
23-May-2026 15:36:49.279 INFO [main] org.apache.coyote.AbstractProtocol.init Initializing ProtocolHandler ["http-nio-8080"]
23-May-2026 15:36:49.303 INFO [main] org.apache.catalina.startup.Catalina.load Server initialization in [526] milliseconds
23-May-2026 15:36:49.363 INFO [main] org.apache.catalina.core.StandardService.startInternal Starting service [Catalina]
23-May-2026 15:36:49.363 INFO [main] org.apache.catalina.core.StandardEngine.startInternal Starting Servlet engine: [Apache Tomcat/10.1.55]
23-May-2026 15:36:49.376 INFO [main] org.apache.catalina.startup.HostConfig.deployDescriptor Deploying deployment descriptor [D:\Spring_for_sam\Rest_APi_jersey_basic\conf\Catalina\localhost\ROOT.xml]
23-May-2026 15:36:50.930 INFO [main] org.apache.jasper.servlet.TldScanner.scanJars At least one JAR was scanned for TLDs yet contained no TLDs. Enable debug logging for this logger for a complete list of JARs that were scanned but no TLDs were found in them. Skipping unneeded JARs during scanning can improve startup time and JSP compilation time.
23-May-2026 15:36:51.034 INFO [main] org.apache.catalina.startup.HostConfig.deployDescriptor Deployment of deployment descriptor [D:\Spring_for_sam\Rest_APi_jersey_basic\conf\Catalina\localhost\ROOT.xml] has finished in [1,654] ms
23-May-2026 15:36:51.038 INFO [main] org.apache.coyote.AbstractProtocol.start Starting ProtocolHandler ["http-nio-8080"]
23-May-2026 15:36:51.067 INFO [main] org.apache.catalina.startup.Catalina.start Server startup in [1761] milliseconds
23-May-2026 16:11:03.033 INFO [Thread-1] org.apache.coyote.AbstractProtocol.pause Pausing ProtocolHandler ["http-nio-8080"]
23-May-2026 16:11:03.040 INFO [Thread-1] org.apache.catalina.core.StandardService.stopInternal Stopping service [Catalina]
23-May-2026 16:11:03.049 INFO [Thread-1] org.apache.coyote.AbstractProtocol.stop Stopping ProtocolHandler ["http-nio-8080"]
23-May-2026 16:11:03.062 INFO [Thread-1] org.apache.coyote.AbstractProtocol.destroy Destroying ProtocolHandler ["http-nio-8080"]
23-May-2026 16:11:05.554 INFO [main] org.apache.catalina.startup.VersionLoggerListener.log Server version name:   Apache Tomcat/10.1.55
23-May-2026 16:11:05.559 INFO [main] org.apache.catalina.startup.VersionLoggerListener.log Server built:          May 5 2026 13:33:02 UTC
23-May-2026 16:11:05.559 INFO [main] org.apache.catalina.startup.VersionLoggerListener.log Server version number: 10.1.55.0
23-May-2026 16:11:05.560 INFO [main] org.apache.catalina.startup.VersionLoggerListener.log OS Name:               Windows 11
23-May-2026 16:11:05.560 INFO [main] org.apache.catalina.startup.VersionLoggerListener.log OS Version:            10.0
23-May-2026 16:11:05.560 INFO [main] org.apache.catalina.startup.VersionLoggerListener.log Architecture:          amd64
23-May-2026 16:11:05.560 INFO [main] org.apache.catalina.startup.VersionLoggerListener.log Java Home:             C:\Users\sam\.jdks\openjdk-25.0.2
23-May-2026 16:11:05.560 INFO [main] org.apache.catalina.startup.VersionLoggerListener.log JVM Version:           25.0.2+10-69
23-May-2026 16:11:05.560 INFO [main] org.apache.catalina.startup.VersionLoggerListener.log JVM Vendor:            Oracle Corporation
23-May-2026 16:11:05.560 INFO [main] org.apache.catalina.startup.VersionLoggerListener.log CATALINA_BASE:         D:\Spring_for_sam\Rest_APi_jersey_basic
23-May-2026 16:11:05.560 INFO [main] org.apache.catalina.startup.VersionLoggerListener.log CATALINA_HOME:         C:\Program Files\Apache Software Foundation\Tomcat 10.1
23-May-2026 16:11:05.579 INFO [main] org.apache.catalina.startup.VersionLoggerListener.log Command line argument: --add-opens=java.base/java.lang=ALL-UNNAMED
23-May-2026 16:11:05.579 INFO [main] org.apache.catalina.startup.VersionLoggerListener.log Command line argument: --add-opens=java.base/java.io=ALL-UNNAMED
23-May-2026 16:11:05.580 INFO [main] org.apache.catalina.startup.VersionLoggerListener.log Command line argument: --add-opens=java.base/java.util=ALL-UNNAMED
23-May-2026 16:11:05.580 INFO [main] org.apache.catalina.startup.VersionLoggerListener.log Command line argument: --add-opens=java.base/java.util.concurrent=ALL-UNNAMED
23-May-2026 16:11:05.580 INFO [main] org.apache.catalina.startup.VersionLoggerListener.log Command line argument: --add-opens=java.rmi/sun.rmi.transport=ALL-UNNAMED
23-May-2026 16:11:05.580 INFO [main] org.apache.catalina.startup.VersionLoggerListener.log Command line argument: -Dcatalina.home=C:\Program Files\Apache Software Foundation\Tomcat 10.1
23-May-2026 16:11:05.580 INFO [main] org.apache.catalina.startup.VersionLoggerListener.log Command line argument: -Dcatalina.base=D:\Spring_for_sam\Rest_APi_jersey_basic
23-May-2026 16:11:05.580 INFO [main] org.apache.catalina.startup.VersionLoggerListener.log Command line argument: -Djava.io.tmpdir=D:\Spring_for_sam\Rest_APi_jersey_basic\temp
23-May-2026 16:11:05.581 INFO [main] org.apache.catalina.startup.VersionLoggerListener.log Command line argument: -Djava.util.logging.config.file=D:\Spring_for_sam\Rest_APi_jersey_basic\conf\logging.properties
23-May-2026 16:11:05.581 INFO [main] org.apache.catalina.startup.VersionLoggerListener.log Command line argument: -Djava.util.logging.manager=org.apache.juli.ClassLoaderLogManager
23-May-2026 16:11:05.581 INFO [main] org.apache.catalina.startup.VersionLoggerListener.log Command line argument: -javaagent:C:\Program Files\JetBrains\IntelliJ IDEA 2025.3.3\lib\idea_rt.jar=61255
23-May-2026 16:11:05.581 INFO [main] org.apache.catalina.startup.VersionLoggerListener.log Command line argument: -Dfile.encoding=UTF-8
23-May-2026 16:11:05.581 INFO [main] org.apache.catalina.startup.VersionLoggerListener.log Command line argument: -Dsun.stdout.encoding=UTF-8
23-May-2026 16:11:05.581 INFO [main] org.apache.catalina.startup.VersionLoggerListener.log Command line argument: -Dsun.stderr.encoding=UTF-8
23-May-2026 16:11:05.592 INFO [main] org.apache.catalina.core.AprLifecycleListener.lifecycleEvent The Apache Tomcat Native library which allows using OpenSSL was not found on the java.library.path: [C:\Users\sam\.jdks\openjdk-25.0.2\bin;C:\WINDOWS\Sun\Java\bin;C:\WINDOWS\system32;C:\WINDOWS;C:\Program Files\Common Files\Oracle\Java\javapath;C:\Program Files (x86)\Common Files\Oracle\Java\java8path;C:\Program Files (x86)\Common Files\Oracle\Java\javapath;C:\WINDOWS\system32;C:\WINDOWS;C:\WINDOWS\System32\Wbem;C:\WINDOWS\System32\WindowsPowerShell\v1.0\;C:\WINDOWS\System32\OpenSSH\;C:\Program Files (x86)\NVIDIA Corporation\PhysX\Common;C:\Program Files\NVIDIA Corporation\NVIDIA NvDLISR;C:\Program Files\dotnet\;C:\MinGW\bin;C:\Program Files\Git\cmd;C:\Program Files\nodejs\;C:\Users\sam\apache-maven-3.9.14-bin\apache-maven-3.9.14\bin;C:\Users\sam\AppData\Local\Programs\Python\Launcher\;C:\Users\sam\AppData\Local\Microsoft\WindowsApps;C:\Users\sam\AppData\Local\GitHubDesktop\bin;C:\Users\sam\AppData\Local\Programs\Microsoft VS Code\bin;C:\Users\sam\AppData\Roaming\npm;C:\Program Files\JetBrains\IntelliJ IDEA 2025.3.3\bin;.]
23-May-2026 16:11:05.906 INFO [main] org.apache.coyote.AbstractProtocol.init Initializing ProtocolHandler ["http-nio-8080"]
23-May-2026 16:11:05.926 INFO [main] org.apache.catalina.startup.Catalina.load Server initialization in [585] milliseconds
23-May-2026 16:11:05.975 INFO [main] org.apache.catalina.core.StandardService.startInternal Starting service [Catalina]
23-May-2026 16:11:05.975 INFO [main] org.apache.catalina.core.StandardEngine.startInternal Starting Servlet engine: [Apache Tomcat/10.1.55]
23-May-2026 16:11:05.990 INFO [main] org.apache.catalina.startup.HostConfig.deployDescriptor Deploying deployment descriptor [D:\Spring_for_sam\Rest_APi_jersey_basic\conf\Catalina\localhost\ROOT.xml]
23-May-2026 16:11:07.479 INFO [main] org.apache.jasper.servlet.TldScanner.scanJars At least one JAR was scanned for TLDs yet contained no TLDs. Enable debug logging for this logger for a complete list of JARs that were scanned but no TLDs were found in them. Skipping unneeded JARs during scanning can improve startup time and JSP compilation time.
23-May-2026 16:11:07.589 INFO [main] org.apache.catalina.startup.HostConfig.deployDescriptor Deployment of deployment descriptor [D:\Spring_for_sam\Rest_APi_jersey_basic\conf\Catalina\localhost\ROOT.xml] has finished in [1,596] ms
23-May-2026 16:11:07.593 INFO [main] org.apache.coyote.AbstractProtocol.start Starting ProtocolHandler ["http-nio-8080"]
23-May-2026 16:11:07.622 INFO [main] org.apache.catalina.startup.Catalina.start Server startup in [1692] milliseconds
23-May-2026 16:16:48.489 INFO [Thread-1] org.apache.coyote.AbstractProtocol.pause Pausing ProtocolHandler ["http-nio-8080"]
23-May-2026 16:16:48.497 INFO [Thread-1] org.apache.catalina.core.StandardService.stopInternal Stopping service [Catalina]
23-May-2026 16:16:48.506 INFO [Thread-1] org.apache.coyote.AbstractProtocol.stop Stopping ProtocolHandler ["http-nio-8080"]
23-May-2026 16:16:48.520 INFO [Thread-1] org.apache.coyote.AbstractProtocol.destroy Destroying ProtocolHandler ["http-nio-8080"]
23-May-2026 16:16:50.006 INFO [main] org.apache.catalina.startup.VersionLoggerListener.log Server version name:   Apache Tomcat/10.1.55
23-May-2026 16:16:50.011 INFO [main] org.apache.catalina.startup.VersionLoggerListener.log Server built:          May 5 2026 13:33:02 UTC
23-May-2026 16:16:50.011 INFO [main] org.apache.catalina.startup.VersionLoggerListener.log Server version number: 10.1.55.0
23-May-2026 16:16:50.012 INFO [main] org.apache.catalina.startup.VersionLoggerListener.log OS Name:               Windows 11
23-May-2026 16:16:50.012 INFO [main] org.apache.catalina.startup.VersionLoggerListener.log OS Version:            10.0
23-May-2026 16:16:50.012 INFO [main] org.apache.catalina.startup.VersionLoggerListener.log Architecture:          amd64
23-May-2026 16:16:50.012 INFO [main] org.apache.catalina.startup.VersionLoggerListener.log Java Home:             C:\Users\sam\.jdks\openjdk-25.0.2
23-May-2026 16:16:50.012 INFO [main] org.apache.catalina.startup.VersionLoggerListener.log JVM Version:           25.0.2+10-69
23-May-2026 16:16:50.012 INFO [main] org.apache.catalina.startup.VersionLoggerListener.log JVM Vendor:            Oracle Corporation
23-May-2026 16:16:50.012 INFO [main] org.apache.catalina.startup.VersionLoggerListener.log CATALINA_BASE:         D:\Spring_for_sam\Rest_APi_jersey_basic
23-May-2026 16:16:50.012 INFO [main] org.apache.catalina.startup.VersionLoggerListener.log CATALINA_HOME:         C:\Program Files\Apache Software Foundation\Tomcat 10.1
23-May-2026 16:16:50.022 INFO [main] org.apache.catalina.startup.VersionLoggerListener.log Command line argument: --add-opens=java.base/java.lang=ALL-UNNAMED
23-May-2026 16:16:50.023 INFO [main] org.apache.catalina.startup.VersionLoggerListener.log Command line argument: --add-opens=java.base/java.io=ALL-UNNAMED
23-May-2026 16:16:50.023 INFO [main] org.apache.catalina.startup.VersionLoggerListener.log Command line argument: --add-opens=java.base/java.util=ALL-UNNAMED
23-May-2026 16:16:50.023 INFO [main] org.apache.catalina.startup.VersionLoggerListener.log Command line argument: --add-opens=java.base/java.util.concurrent=ALL-UNNAMED
23-May-2026 16:16:50.023 INFO [main] org.apache.catalina.startup.VersionLoggerListener.log Command line argument: --add-opens=java.rmi/sun.rmi.transport=ALL-UNNAMED
23-May-2026 16:16:50.023 INFO [main] org.apache.catalina.startup.VersionLoggerListener.log Command line argument: -Dcatalina.home=C:\Program Files\Apache Software Foundation\Tomcat 10.1
23-May-2026 16:16:50.023 INFO [main] org.apache.catalina.startup.VersionLoggerListener.log Command line argument: -Dcatalina.base=D:\Spring_for_sam\Rest_APi_jersey_basic
23-May-2026 16:16:50.023 INFO [main] org.apache.catalina.startup.VersionLoggerListener.log Command line argument: -Djava.io.tmpdir=D:\Spring_for_sam\Rest_APi_jersey_basic\temp
23-May-2026 16:16:50.023 INFO [main] org.apache.catalina.startup.VersionLoggerListener.log Command line argument: -Djava.util.logging.config.file=D:\Spring_for_sam\Rest_APi_jersey_basic\conf\logging.properties
23-May-2026 16:16:50.023 INFO [main] org.apache.catalina.startup.VersionLoggerListener.log Command line argument: -Djava.util.logging.manager=org.apache.juli.ClassLoaderLogManager
23-May-2026 16:16:50.023 INFO [main] org.apache.catalina.startup.VersionLoggerListener.log Command line argument: -javaagent:C:\Program Files\JetBrains\IntelliJ IDEA 2025.3.3\lib\idea_rt.jar=65167
23-May-2026 16:16:50.023 INFO [main] org.apache.catalina.startup.VersionLoggerListener.log Command line argument: -Dfile.encoding=UTF-8
23-May-2026 16:16:50.023 INFO [main] org.apache.catalina.startup.VersionLoggerListener.log Command line argument: -Dsun.stdout.encoding=UTF-8
23-May-2026 16:16:50.023 INFO [main] org.apache.catalina.startup.VersionLoggerListener.log Command line argument: -Dsun.stderr.encoding=UTF-8
23-May-2026 16:16:50.039 INFO [main] org.apache.catalina.core.AprLifecycleListener.lifecycleEvent The Apache Tomcat Native library which allows using OpenSSL was not found on the java.library.path: [C:\Users\sam\.jdks\openjdk-25.0.2\bin;C:\WINDOWS\Sun\Java\bin;C:\WINDOWS\system32;C:\WINDOWS;C:\Program Files\Common Files\Oracle\Java\javapath;C:\Program Files (x86)\Common Files\Oracle\Java\java8path;C:\Program Files (x86)\Common Files\Oracle\Java\javapath;C:\WINDOWS\system32;C:\WINDOWS;C:\WINDOWS\System32\Wbem;C:\WINDOWS\System32\WindowsPowerShell\v1.0\;C:\WINDOWS\System32\OpenSSH\;C:\Program Files (x86)\NVIDIA Corporation\PhysX\Common;C:\Program Files\NVIDIA Corporation\NVIDIA NvDLISR;C:\Program Files\dotnet\;C:\MinGW\bin;C:\Program Files\Git\cmd;C:\Program Files\nodejs\;C:\Users\sam\apache-maven-3.9.14-bin\apache-maven-3.9.14\bin;C:\Users\sam\AppData\Local\Programs\Python\Launcher\;C:\Users\sam\AppData\Local\Microsoft\WindowsApps;C:\Users\sam\AppData\Local\GitHubDesktop\bin;C:\Users\sam\AppData\Local\Programs\Microsoft VS Code\bin;C:\Users\sam\AppData\Roaming\npm;C:\Program Files\JetBrains\IntelliJ IDEA 2025.3.3\bin;.]
23-May-2026 16:16:50.342 INFO [main] org.apache.coyote.AbstractProtocol.init Initializing ProtocolHandler ["http-nio-8080"]
23-May-2026 16:16:50.368 INFO [main] org.apache.catalina.startup.Catalina.load Server initialization in [564] milliseconds
23-May-2026 16:16:50.415 INFO [main] org.apache.catalina.core.StandardService.startInternal Starting service [Catalina]
23-May-2026 16:16:50.416 INFO [main] org.apache.catalina.core.StandardEngine.startInternal Starting Servlet engine: [Apache Tomcat/10.1.55]
23-May-2026 16:16:50.429 INFO [main] org.apache.catalina.startup.HostConfig.deployDescriptor Deploying deployment descriptor [D:\Spring_for_sam\Rest_APi_jersey_basic\conf\Catalina\localhost\ROOT.xml]
23-May-2026 16:16:52.149 INFO [main] org.apache.jasper.servlet.TldScanner.scanJars At least one JAR was scanned for TLDs yet contained no TLDs. Enable debug logging for this logger for a complete list of JARs that were scanned but no TLDs were found in them. Skipping unneeded JARs during scanning can improve startup time and JSP compilation time.
23-May-2026 16:16:52.283 INFO [main] org.apache.catalina.startup.HostConfig.deployDescriptor Deployment of deployment descriptor [D:\Spring_for_sam\Rest_APi_jersey_basic\conf\Catalina\localhost\ROOT.xml] has finished in [1,847] ms
23-May-2026 16:16:52.288 INFO [main] org.apache.coyote.AbstractProtocol.start Starting ProtocolHandler ["http-nio-8080"]
23-May-2026 16:16:52.329 INFO [main] org.apache.catalina.startup.Catalina.start Server startup in [1957] milliseconds
23-May-2026 16:18:03.855 INFO [Thread-1] org.apache.coyote.AbstractProtocol.pause Pausing ProtocolHandler ["http-nio-8080"]
23-May-2026 16:18:03.860 INFO [Thread-1] org.apache.catalina.core.StandardService.stopInternal Stopping service [Catalina]
23-May-2026 16:18:03.868 INFO [Thread-1] org.apache.coyote.AbstractProtocol.stop Stopping ProtocolHandler ["http-nio-8080"]
23-May-2026 16:18:03.871 INFO [Thread-1] org.apache.coyote.AbstractProtocol.destroy Destroying ProtocolHandler ["http-nio-8080"]
23-May-2026 16:18:06.420 INFO [main] org.apache.catalina.startup.VersionLoggerListener.log Server version name:   Apache Tomcat/10.1.55
23-May-2026 16:18:06.424 INFO [main] org.apache.catalina.startup.VersionLoggerListener.log Server built:          May 5 2026 13:33:02 UTC
23-May-2026 16:18:06.425 INFO [main] org.apache.catalina.startup.VersionLoggerListener.log Server version number: 10.1.55.0
23-May-2026 16:18:06.425 INFO [main] org.apache.catalina.startup.VersionLoggerListener.log OS Name:               Windows 11
23-May-2026 16:18:06.425 INFO [main] org.apache.catalina.startup.VersionLoggerListener.log OS Version:            10.0
23-May-2026 16:18:06.425 INFO [main] org.apache.catalina.startup.VersionLoggerListener.log Architecture:          amd64
23-May-2026 16:18:06.425 INFO [main] org.apache.catalina.startup.VersionLoggerListener.log Java Home:             C:\Users\sam\.jdks\openjdk-25.0.2
23-May-2026 16:18:06.425 INFO [main] org.apache.catalina.startup.VersionLoggerListener.log JVM Version:           25.0.2+10-69
23-May-2026 16:18:06.425 INFO [main] org.apache.catalina.startup.VersionLoggerListener.log JVM Vendor:            Oracle Corporation
23-May-2026 16:18:06.425 INFO [main] org.apache.catalina.startup.VersionLoggerListener.log CATALINA_BASE:         D:\Spring_for_sam\Rest_APi_jersey_basic
23-May-2026 16:18:06.426 INFO [main] org.apache.catalina.startup.VersionLoggerListener.log CATALINA_HOME:         C:\Program Files\Apache Software Foundation\Tomcat 10.1
23-May-2026 16:18:06.439 INFO [main] org.apache.catalina.startup.VersionLoggerListener.log Command line argument: --add-opens=java.base/java.lang=ALL-UNNAMED
23-May-2026 16:18:06.439 INFO [main] org.apache.catalina.startup.VersionLoggerListener.log Command line argument: --add-opens=java.base/java.io=ALL-UNNAMED
23-May-2026 16:18:06.440 INFO [main] org.apache.catalina.startup.VersionLoggerListener.log Command line argument: --add-opens=java.base/java.util=ALL-UNNAMED
23-May-2026 16:18:06.440 INFO [main] org.apache.catalina.startup.VersionLoggerListener.log Command line argument: --add-opens=java.base/java.util.concurrent=ALL-UNNAMED
23-May-2026 16:18:06.440 INFO [main] org.apache.catalina.startup.VersionLoggerListener.log Command line argument: --add-opens=java.rmi/sun.rmi.transport=ALL-UNNAMED
23-May-2026 16:18:06.440 INFO [main] org.apache.catalina.startup.VersionLoggerListener.log Command line argument: -Dcatalina.home=C:\Program Files\Apache Software Foundation\Tomcat 10.1
23-May-2026 16:18:06.440 INFO [main] org.apache.catalina.startup.VersionLoggerListener.log Command line argument: -Dcatalina.base=D:\Spring_for_sam\Rest_APi_jersey_basic
23-May-2026 16:18:06.440 INFO [main] org.apache.catalina.startup.VersionLoggerListener.log Command line argument: -Djava.io.tmpdir=D:\Spring_for_sam\Rest_APi_jersey_basic\temp
23-May-2026 16:18:06.440 INFO [main] org.apache.catalina.startup.VersionLoggerListener.log Command line argument: -Djava.util.logging.config.file=D:\Spring_for_sam\Rest_APi_jersey_basic\conf\logging.properties
23-May-2026 16:18:06.441 INFO [main] org.apache.catalina.startup.VersionLoggerListener.log Command line argument: -Djava.util.logging.manager=org.apache.juli.ClassLoaderLogManager
23-May-2026 16:18:06.441 INFO [main] org.apache.catalina.startup.VersionLoggerListener.log Command line argument: -javaagent:C:\Program Files\JetBrains\IntelliJ IDEA 2025.3.3\lib\idea_rt.jar=62034
23-May-2026 16:18:06.441 INFO [main] org.apache.catalina.startup.VersionLoggerListener.log Command line argument: -Dfile.encoding=UTF-8
23-May-2026 16:18:06.441 INFO [main] org.apache.catalina.startup.VersionLoggerListener.log Command line argument: -Dsun.stdout.encoding=UTF-8
23-May-2026 16:18:06.441 INFO [main] org.apache.catalina.startup.VersionLoggerListener.log Command line argument: -Dsun.stderr.encoding=UTF-8
23-May-2026 16:18:06.451 INFO [main] org.apache.catalina.core.AprLifecycleListener.lifecycleEvent The Apache Tomcat Native library which allows using OpenSSL was not found on the java.library.path: [C:\Users\sam\.jdks\openjdk-25.0.2\bin;C:\WINDOWS\Sun\Java\bin;C:\WINDOWS\system32;C:\WINDOWS;C:\Program Files\Common Files\Oracle\Java\javapath;C:\Program Files (x86)\Common Files\Oracle\Java\java8path;C:\Program Files (x86)\Common Files\Oracle\Java\javapath;C:\WINDOWS\system32;C:\WINDOWS;C:\WINDOWS\System32\Wbem;C:\WINDOWS\System32\WindowsPowerShell\v1.0\;C:\WINDOWS\System32\OpenSSH\;C:\Program Files (x86)\NVIDIA Corporation\PhysX\Common;C:\Program Files\NVIDIA Corporation\NVIDIA NvDLISR;C:\Program Files\dotnet\;C:\MinGW\bin;C:\Program Files\Git\cmd;C:\Program Files\nodejs\;C:\Users\sam\apache-maven-3.9.14-bin\apache-maven-3.9.14\bin;C:\Users\sam\AppData\Local\Programs\Python\Launcher\;C:\Users\sam\AppData\Local\Microsoft\WindowsApps;C:\Users\sam\AppData\Local\GitHubDesktop\bin;C:\Users\sam\AppData\Local\Programs\Microsoft VS Code\bin;C:\Users\sam\AppData\Roaming\npm;C:\Program Files\JetBrains\IntelliJ IDEA 2025.3.3\bin;.]
23-May-2026 16:18:06.788 INFO [main] org.apache.coyote.AbstractProtocol.init Initializing ProtocolHandler ["http-nio-8080"]
23-May-2026 16:18:06.811 INFO [main] org.apache.catalina.startup.Catalina.load Server initialization in [599] milliseconds
23-May-2026 16:18:06.859 INFO [main] org.apache.catalina.core.StandardService.startInternal Starting service [Catalina]
23-May-2026 16:18:06.859 INFO [main] org.apache.catalina.core.StandardEngine.startInternal Starting Servlet engine: [Apache Tomcat/10.1.55]
23-May-2026 16:18:06.871 INFO [main] org.apache.catalina.startup.HostConfig.deployDescriptor Deploying deployment descriptor [D:\Spring_for_sam\Rest_APi_jersey_basic\conf\Catalina\localhost\ROOT.xml]
23-May-2026 16:18:08.504 INFO [main] org.apache.jasper.servlet.TldScanner.scanJars At least one JAR was scanned for TLDs yet contained no TLDs. Enable debug logging for this logger for a complete list of JARs that were scanned but no TLDs were found in them. Skipping unneeded JARs during scanning can improve startup time and JSP compilation time.
23-May-2026 16:18:08.604 INFO [main] org.apache.catalina.startup.HostConfig.deployDescriptor Deployment of deployment descriptor [D:\Spring_for_sam\Rest_APi_jersey_basic\conf\Catalina\localhost\ROOT.xml] has finished in [1,731] ms
23-May-2026 16:18:08.608 INFO [main] org.apache.coyote.AbstractProtocol.start Starting ProtocolHandler ["http-nio-8080"]
23-May-2026 16:18:08.637 INFO [main] org.apache.catalina.startup.Catalina.start Server startup in [1824] milliseconds
23-May-2026 16:19:45.188 INFO [Thread-1] org.apache.coyote.AbstractProtocol.pause Pausing ProtocolHandler ["http-nio-8080"]
23-May-2026 16:19:45.193 INFO [Thread-1] org.apache.catalina.core.StandardService.stopInternal Stopping service [Catalina]
23-May-2026 16:19:45.203 INFO [Thread-1] org.apache.coyote.AbstractProtocol.stop Stopping ProtocolHandler ["http-nio-8080"]
23-May-2026 16:19:45.206 INFO [Thread-1] org.apache.coyote.AbstractProtocol.destroy Destroying ProtocolHandler ["http-nio-8080"]
23-May-2026 16:19:46.610 INFO [main] org.apache.catalina.startup.VersionLoggerListener.log Server version name:   Apache Tomcat/10.1.55
23-May-2026 16:19:46.614 INFO [main] org.apache.catalina.startup.VersionLoggerListener.log Server built:          May 5 2026 13:33:02 UTC
23-May-2026 16:19:46.615 INFO [main] org.apache.catalina.startup.VersionLoggerListener.log Server version number: 10.1.55.0
23-May-2026 16:19:46.616 INFO [main] org.apache.catalina.startup.VersionLoggerListener.log OS Name:               Windows 11
23-May-2026 16:19:46.616 INFO [main] org.apache.catalina.startup.VersionLoggerListener.log OS Version:            10.0
23-May-2026 16:19:46.616 INFO [main] org.apache.catalina.startup.VersionLoggerListener.log Architecture:          amd64
23-May-2026 16:19:46.616 INFO [main] org.apache.catalina.startup.VersionLoggerListener.log Java Home:             C:\Users\sam\.jdks\openjdk-25.0.2
23-May-2026 16:19:46.616 INFO [main] org.apache.catalina.startup.VersionLoggerListener.log JVM Version:           25.0.2+10-69
23-May-2026 16:19:46.616 INFO [main] org.apache.catalina.startup.VersionLoggerListener.log JVM Vendor:            Oracle Corporation
23-May-2026 16:19:46.618 INFO [main] org.apache.catalina.startup.VersionLoggerListener.log CATALINA_BASE:         D:\Spring_for_sam\Rest_APi_jersey_basic
23-May-2026 16:19:46.618 INFO [main] org.apache.catalina.startup.VersionLoggerListener.log CATALINA_HOME:         C:\Program Files\Apache Software Foundation\Tomcat 10.1
23-May-2026 16:19:46.630 INFO [main] org.apache.catalina.startup.VersionLoggerListener.log Command line argument: --add-opens=java.base/java.lang=ALL-UNNAMED
23-May-2026 16:19:46.630 INFO [main] org.apache.catalina.startup.VersionLoggerListener.log Command line argument: --add-opens=java.base/java.io=ALL-UNNAMED
23-May-2026 16:19:46.630 INFO [main] org.apache.catalina.startup.VersionLoggerListener.log Command line argument: --add-opens=java.base/java.util=ALL-UNNAMED
23-May-2026 16:19:46.630 INFO [main] org.apache.catalina.startup.VersionLoggerListener.log Command line argument: --add-opens=java.base/java.util.concurrent=ALL-UNNAMED
23-May-2026 16:19:46.630 INFO [main] org.apache.catalina.startup.VersionLoggerListener.log Command line argument: --add-opens=java.rmi/sun.rmi.transport=ALL-UNNAMED
23-May-2026 16:19:46.630 INFO [main] org.apache.catalina.startup.VersionLoggerListener.log Command line argument: -Dcatalina.home=C:\Program Files\Apache Software Foundation\Tomcat 10.1
23-May-2026 16:19:46.631 INFO [main] org.apache.catalina.startup.VersionLoggerListener.log Command line argument: -Dcatalina.base=D:\Spring_for_sam\Rest_APi_jersey_basic
23-May-2026 16:19:46.631 INFO [main] org.apache.catalina.startup.VersionLoggerListener.log Command line argument: -Djava.io.tmpdir=D:\Spring_for_sam\Rest_APi_jersey_basic\temp
23-May-2026 16:19:46.631 INFO [main] org.apache.catalina.startup.VersionLoggerListener.log Command line argument: -Djava.util.logging.config.file=D:\Spring_for_sam\Rest_APi_jersey_basic\conf\logging.properties
23-May-2026 16:19:46.631 INFO [main] org.apache.catalina.startup.VersionLoggerListener.log Command line argument: -Djava.util.logging.manager=org.apache.juli.ClassLoaderLogManager
23-May-2026 16:19:46.631 INFO [main] org.apache.catalina.startup.VersionLoggerListener.log Command line argument: -javaagent:C:\Program Files\JetBrains\IntelliJ IDEA 2025.3.3\lib\idea_rt.jar=63745
23-May-2026 16:19:46.631 INFO [main] org.apache.catalina.startup.VersionLoggerListener.log Command line argument: -Dfile.encoding=UTF-8
23-May-2026 16:19:46.631 INFO [main] org.apache.catalina.startup.VersionLoggerListener.log Command line argument: -Dsun.stdout.encoding=UTF-8
23-May-2026 16:19:46.631 INFO [main] org.apache.catalina.startup.VersionLoggerListener.log Command line argument: -Dsun.stderr.encoding=UTF-8
23-May-2026 16:19:46.641 INFO [main] org.apache.catalina.core.AprLifecycleListener.lifecycleEvent The Apache Tomcat Native library which allows using OpenSSL was not found on the java.library.path: [C:\Users\sam\.jdks\openjdk-25.0.2\bin;C:\WINDOWS\Sun\Java\bin;C:\WINDOWS\system32;C:\WINDOWS;C:\Program Files\Common Files\Oracle\Java\javapath;C:\Program Files (x86)\Common Files\Oracle\Java\java8path;C:\Program Files (x86)\Common Files\Oracle\Java\javapath;C:\WINDOWS\system32;C:\WINDOWS;C:\WINDOWS\System32\Wbem;C:\WINDOWS\System32\WindowsPowerShell\v1.0\;C:\WINDOWS\System32\OpenSSH\;C:\Program Files (x86)\NVIDIA Corporation\PhysX\Common;C:\Program Files\NVIDIA Corporation\NVIDIA NvDLISR;C:\Program Files\dotnet\;C:\MinGW\bin;C:\Program Files\Git\cmd;C:\Program Files\nodejs\;C:\Users\sam\apache-maven-3.9.14-bin\apache-maven-3.9.14\bin;C:\Users\sam\AppData\Local\Programs\Python\Launcher\;C:\Users\sam\AppData\Local\Microsoft\WindowsApps;C:\Users\sam\AppData\Local\GitHubDesktop\bin;C:\Users\sam\AppData\Local\Programs\Microsoft VS Code\bin;C:\Users\sam\AppData\Roaming\npm;C:\Program Files\JetBrains\IntelliJ IDEA 2025.3.3\bin;.]
23-May-2026 16:19:46.949 INFO [main] org.apache.coyote.AbstractProtocol.init Initializing ProtocolHandler ["http-nio-8080"]
23-May-2026 16:19:46.970 INFO [main] org.apache.catalina.startup.Catalina.load Server initialization in [560] milliseconds
23-May-2026 16:19:47.022 INFO [main] org.apache.catalina.core.StandardService.startInternal Starting service [Catalina]
23-May-2026 16:19:47.023 INFO [main] org.apache.catalina.core.StandardEngine.startInternal Starting Servlet engine: [Apache Tomcat/10.1.55]
23-May-2026 16:19:47.038 INFO [main] org.apache.catalina.startup.HostConfig.deployDescriptor Deploying deployment descriptor [D:\Spring_for_sam\Rest_APi_jersey_basic\conf\Catalina\localhost\ROOT.xml]
23-May-2026 16:19:48.592 INFO [main] org.apache.jasper.servlet.TldScanner.scanJars At least one JAR was scanned for TLDs yet contained no TLDs. Enable debug logging for this logger for a complete list of JARs that were scanned but no TLDs were found in them. Skipping unneeded JARs during scanning can improve startup time and JSP compilation time.
23-May-2026 16:19:48.696 INFO [main] org.apache.catalina.startup.HostConfig.deployDescriptor Deployment of deployment descriptor [D:\Spring_for_sam\Rest_APi_jersey_basic\conf\Catalina\localhost\ROOT.xml] has finished in [1,655] ms
23-May-2026 16:19:48.699 INFO [main] org.apache.coyote.AbstractProtocol.start Starting ProtocolHandler ["http-nio-8080"]
23-May-2026 16:19:48.729 INFO [main] org.apache.catalina.startup.Catalina.start Server startup in [1756] milliseconds
23-May-2026 16:23:47.245 INFO [Thread-1] org.apache.coyote.AbstractProtocol.pause Pausing ProtocolHandler ["http-nio-8080"]
23-May-2026 16:23:47.253 INFO [Thread-1] org.apache.catalina.core.StandardService.stopInternal Stopping service [Catalina]
23-May-2026 16:23:47.262 INFO [Thread-1] org.apache.coyote.AbstractProtocol.stop Stopping ProtocolHandler ["http-nio-8080"]
23-May-2026 16:23:47.276 INFO [Thread-1] org.apache.coyote.AbstractProtocol.destroy Destroying ProtocolHandler ["http-nio-8080"]
23-May-2026 16:23:48.725 INFO [main] org.apache.catalina.startup.VersionLoggerListener.log Server version name:   Apache Tomcat/10.1.55
23-May-2026 16:23:48.730 INFO [main] org.apache.catalina.startup.VersionLoggerListener.log Server built:          May 5 2026 13:33:02 UTC
23-May-2026 16:23:48.730 INFO [main] org.apache.catalina.startup.VersionLoggerListener.log Server version number: 10.1.55.0
23-May-2026 16:23:48.730 INFO [main] org.apache.catalina.startup.VersionLoggerListener.log OS Name:               Windows 11
23-May-2026 16:23:48.730 INFO [main] org.apache.catalina.startup.VersionLoggerListener.log OS Version:            10.0
23-May-2026 16:23:48.730 INFO [main] org.apache.catalina.startup.VersionLoggerListener.log Architecture:          amd64
23-May-2026 16:23:48.730 INFO [main] org.apache.catalina.startup.VersionLoggerListener.log Java Home:             C:\Users\sam\.jdks\openjdk-25.0.2
23-May-2026 16:23:48.730 INFO [main] org.apache.catalina.startup.VersionLoggerListener.log JVM Version:           25.0.2+10-69
23-May-2026 16:23:48.730 INFO [main] org.apache.catalina.startup.VersionLoggerListener.log JVM Vendor:            Oracle Corporation
23-May-2026 16:23:48.730 INFO [main] org.apache.catalina.startup.VersionLoggerListener.log CATALINA_BASE:         D:\Spring_for_sam\Rest_APi_jersey_basic
23-May-2026 16:23:48.730 INFO [main] org.apache.catalina.startup.VersionLoggerListener.log CATALINA_HOME:         C:\Program Files\Apache Software Foundation\Tomcat 10.1
23-May-2026 16:23:48.740 INFO [main] org.apache.catalina.startup.VersionLoggerListener.log Command line argument: --add-opens=java.base/java.lang=ALL-UNNAMED
23-May-2026 16:23:48.740 INFO [main] org.apache.catalina.startup.VersionLoggerListener.log Command line argument: --add-opens=java.base/java.io=ALL-UNNAMED
23-May-2026 16:23:48.740 INFO [main] org.apache.catalina.startup.VersionLoggerListener.log Command line argument: --add-opens=java.base/java.util=ALL-UNNAMED
23-May-2026 16:23:48.740 INFO [main] org.apache.catalina.startup.VersionLoggerListener.log Command line argument: --add-opens=java.base/java.util.concurrent=ALL-UNNAMED
23-May-2026 16:23:48.740 INFO [main] org.apache.catalina.startup.VersionLoggerListener.log Command line argument: --add-opens=java.rmi/sun.rmi.transport=ALL-UNNAMED
23-May-2026 16:23:48.740 INFO [main] org.apache.catalina.startup.VersionLoggerListener.log Command line argument: -Dcatalina.home=C:\Program Files\Apache Software Foundation\Tomcat 10.1
23-May-2026 16:23:48.740 INFO [main] org.apache.catalina.startup.VersionLoggerListener.log Command line argument: -Dcatalina.base=D:\Spring_for_sam\Rest_APi_jersey_basic
23-May-2026 16:23:48.741 INFO [main] org.apache.catalina.startup.VersionLoggerListener.log Command line argument: -Djava.io.tmpdir=D:\Spring_for_sam\Rest_APi_jersey_basic\temp
23-May-2026 16:23:48.741 INFO [main] org.apache.catalina.startup.VersionLoggerListener.log Command line argument: -Djava.util.logging.config.file=D:\Spring_for_sam\Rest_APi_jersey_basic\conf\logging.properties
23-May-2026 16:23:48.741 INFO [main] org.apache.catalina.startup.VersionLoggerListener.log Command line argument: -Djava.util.logging.manager=org.apache.juli.ClassLoaderLogManager
23-May-2026 16:23:48.741 INFO [main] org.apache.catalina.startup.VersionLoggerListener.log Command line argument: -javaagent:C:\Program Files\JetBrains\IntelliJ IDEA 2025.3.3\lib\idea_rt.jar=63994
23-May-2026 16:23:48.741 INFO [main] org.apache.catalina.startup.VersionLoggerListener.log Command line argument: -Dfile.encoding=UTF-8
23-May-2026 16:23:48.741 INFO [main] org.apache.catalina.startup.VersionLoggerListener.log Command line argument: -Dsun.stdout.encoding=UTF-8
23-May-2026 16:23:48.741 INFO [main] org.apache.catalina.startup.VersionLoggerListener.log Command line argument: -Dsun.stderr.encoding=UTF-8
23-May-2026 16:23:48.752 INFO [main] org.apache.catalina.core.AprLifecycleListener.lifecycleEvent The Apache Tomcat Native library which allows using OpenSSL was not found on the java.library.path: [C:\Users\sam\.jdks\openjdk-25.0.2\bin;C:\WINDOWS\Sun\Java\bin;C:\WINDOWS\system32;C:\WINDOWS;C:\Program Files\Common Files\Oracle\Java\javapath;C:\Program Files (x86)\Common Files\Oracle\Java\java8path;C:\Program Files (x86)\Common Files\Oracle\Java\javapath;C:\WINDOWS\system32;C:\WINDOWS;C:\WINDOWS\System32\Wbem;C:\WINDOWS\System32\WindowsPowerShell\v1.0\;C:\WINDOWS\System32\OpenSSH\;C:\Program Files (x86)\NVIDIA Corporation\PhysX\Common;C:\Program Files\NVIDIA Corporation\NVIDIA NvDLISR;C:\Program Files\dotnet\;C:\MinGW\bin;C:\Program Files\Git\cmd;C:\Program Files\nodejs\;C:\Users\sam\apache-maven-3.9.14-bin\apache-maven-3.9.14\bin;C:\Users\sam\AppData\Local\Programs\Python\Launcher\;C:\Users\sam\AppData\Local\Microsoft\WindowsApps;C:\Users\sam\AppData\Local\GitHubDesktop\bin;C:\Users\sam\AppData\Local\Programs\Microsoft VS Code\bin;C:\Users\sam\AppData\Roaming\npm;C:\Program Files\JetBrains\IntelliJ IDEA 2025.3.3\bin;.]
23-May-2026 16:23:49.051 INFO [main] org.apache.coyote.AbstractProtocol.init Initializing ProtocolHandler ["http-nio-8080"]
23-May-2026 16:23:49.070 INFO [main] org.apache.catalina.startup.Catalina.load Server initialization in [552] milliseconds
23-May-2026 16:23:49.117 INFO [main] org.apache.catalina.core.StandardService.startInternal Starting service [Catalina]
23-May-2026 16:23:49.117 INFO [main] org.apache.catalina.core.StandardEngine.startInternal Starting Servlet engine: [Apache Tomcat/10.1.55]
23-May-2026 16:23:49.128 INFO [main] org.apache.catalina.startup.HostConfig.deployDescriptor Deploying deployment descriptor [D:\Spring_for_sam\Rest_APi_jersey_basic\conf\Catalina\localhost\ROOT.xml]
23-May-2026 16:23:50.725 INFO [main] org.apache.jasper.servlet.TldScanner.scanJars At least one JAR was scanned for TLDs yet contained no TLDs. Enable debug logging for this logger for a complete list of JARs that were scanned but no TLDs were found in them. Skipping unneeded JARs during scanning can improve startup time and JSP compilation time.
23-May-2026 16:23:50.847 INFO [main] org.apache.catalina.startup.HostConfig.deployDescriptor Deployment of deployment descriptor [D:\Spring_for_sam\Rest_APi_jersey_basic\conf\Catalina\localhost\ROOT.xml] has finished in [1,716] ms
23-May-2026 16:23:50.850 INFO [main] org.apache.coyote.AbstractProtocol.start Starting ProtocolHandler ["http-nio-8080"]
23-May-2026 16:23:50.880 INFO [main] org.apache.catalina.startup.Catalina.start Server startup in [1809] milliseconds
23-May-2026 16:24:17.003 INFO [Thread-1] org.apache.coyote.AbstractProtocol.pause Pausing ProtocolHandler ["http-nio-8080"]
23-May-2026 16:24:17.011 INFO [Thread-1] org.apache.catalina.core.StandardService.stopInternal Stopping service [Catalina]
23-May-2026 16:24:17.021 INFO [Thread-1] org.apache.coyote.AbstractProtocol.stop Stopping ProtocolHandler ["http-nio-8080"]
23-May-2026 16:24:17.034 INFO [Thread-1] org.apache.coyote.AbstractProtocol.destroy Destroying ProtocolHandler ["http-nio-8080"]
23-May-2026 16:24:18.444 INFO [main] org.apache.catalina.startup.VersionLoggerListener.log Server version name:   Apache Tomcat/10.1.55
23-May-2026 16:24:18.449 INFO [main] org.apache.catalina.startup.VersionLoggerListener.log Server built:          May 5 2026 13:33:02 UTC
23-May-2026 16:24:18.449 INFO [main] org.apache.catalina.startup.VersionLoggerListener.log Server version number: 10.1.55.0
23-May-2026 16:24:18.449 INFO [main] org.apache.catalina.startup.VersionLoggerListener.log OS Name:               Windows 11
23-May-2026 16:24:18.450 INFO [main] org.apache.catalina.startup.VersionLoggerListener.log OS Version:            10.0
23-May-2026 16:24:18.450 INFO [main] org.apache.catalina.startup.VersionLoggerListener.log Architecture:          amd64
23-May-2026 16:24:18.450 INFO [main] org.apache.catalina.startup.VersionLoggerListener.log Java Home:             C:\Users\sam\.jdks\openjdk-25.0.2
23-May-2026 16:24:18.450 INFO [main] org.apache.catalina.startup.VersionLoggerListener.log JVM Version:           25.0.2+10-69
23-May-2026 16:24:18.450 INFO [main] org.apache.catalina.startup.VersionLoggerListener.log JVM Vendor:            Oracle Corporation
23-May-2026 16:24:18.450 INFO [main] org.apache.catalina.startup.VersionLoggerListener.log CATALINA_BASE:         D:\Spring_for_sam\Rest_APi_jersey_basic
23-May-2026 16:24:18.450 INFO [main] org.apache.catalina.startup.VersionLoggerListener.log CATALINA_HOME:         C:\Program Files\Apache Software Foundation\Tomcat 10.1
23-May-2026 16:24:18.463 INFO [main] org.apache.catalina.startup.VersionLoggerListener.log Command line argument: --add-opens=java.base/java.lang=ALL-UNNAMED
23-May-2026 16:24:18.464 INFO [main] org.apache.catalina.startup.VersionLoggerListener.log Command line argument: --add-opens=java.base/java.io=ALL-UNNAMED
23-May-2026 16:24:18.464 INFO [main] org.apache.catalina.startup.VersionLoggerListener.log Command line argument: --add-opens=java.base/java.util=ALL-UNNAMED
23-May-2026 16:24:18.464 INFO [main] org.apache.catalina.startup.VersionLoggerListener.log Command line argument: --add-opens=java.base/java.util.concurrent=ALL-UNNAMED
23-May-2026 16:24:18.464 INFO [main] org.apache.catalina.startup.VersionLoggerListener.log Command line argument: --add-opens=java.rmi/sun.rmi.transport=ALL-UNNAMED
23-May-2026 16:24:18.464 INFO [main] org.apache.catalina.startup.VersionLoggerListener.log Command line argument: -Dcatalina.home=C:\Program Files\Apache Software Foundation\Tomcat 10.1
23-May-2026 16:24:18.464 INFO [main] org.apache.catalina.startup.VersionLoggerListener.log Command line argument: -Dcatalina.base=D:\Spring_for_sam\Rest_APi_jersey_basic
23-May-2026 16:24:18.464 INFO [main] org.apache.catalina.startup.VersionLoggerListener.log Command line argument: -Djava.io.tmpdir=D:\Spring_for_sam\Rest_APi_jersey_basic\temp
23-May-2026 16:24:18.464 INFO [main] org.apache.catalina.startup.VersionLoggerListener.log Command line argument: -Djava.util.logging.config.file=D:\Spring_for_sam\Rest_APi_jersey_basic\conf\logging.properties
23-May-2026 16:24:18.465 INFO [main] org.apache.catalina.startup.VersionLoggerListener.log Command line argument: -Djava.util.logging.manager=org.apache.juli.ClassLoaderLogManager
23-May-2026 16:24:18.465 INFO [main] org.apache.catalina.startup.VersionLoggerListener.log Command line argument: -javaagent:C:\Program Files\JetBrains\IntelliJ IDEA 2025.3.3\lib\idea_rt.jar=62511
23-May-2026 16:24:18.465 INFO [main] org.apache.catalina.startup.VersionLoggerListener.log Command line argument: -Dfile.encoding=UTF-8
23-May-2026 16:24:18.465 INFO [main] org.apache.catalina.startup.VersionLoggerListener.log Command line argument: -Dsun.stdout.encoding=UTF-8
23-May-2026 16:24:18.465 INFO [main] org.apache.catalina.startup.VersionLoggerListener.log Command line argument: -Dsun.stderr.encoding=UTF-8
23-May-2026 16:24:18.474 INFO [main] org.apache.catalina.core.AprLifecycleListener.lifecycleEvent The Apache Tomcat Native library which allows using OpenSSL was not found on the java.library.path: [C:\Users\sam\.jdks\openjdk-25.0.2\bin;C:\WINDOWS\Sun\Java\bin;C:\WINDOWS\system32;C:\WINDOWS;C:\Program Files\Common Files\Oracle\Java\javapath;C:\Program Files (x86)\Common Files\Oracle\Java\java8path;C:\Program Files (x86)\Common Files\Oracle\Java\javapath;C:\WINDOWS\system32;C:\WINDOWS;C:\WINDOWS\System32\Wbem;C:\WINDOWS\System32\WindowsPowerShell\v1.0\;C:\WINDOWS\System32\OpenSSH\;C:\Program Files (x86)\NVIDIA Corporation\PhysX\Common;C:\Program Files\NVIDIA Corporation\NVIDIA NvDLISR;C:\Program Files\dotnet\;C:\MinGW\bin;C:\Program Files\Git\cmd;C:\Program Files\nodejs\;C:\Users\sam\apache-maven-3.9.14-bin\apache-maven-3.9.14\bin;C:\Users\sam\AppData\Local\Programs\Python\Launcher\;C:\Users\sam\AppData\Local\Microsoft\WindowsApps;C:\Users\sam\AppData\Local\GitHubDesktop\bin;C:\Users\sam\AppData\Local\Programs\Microsoft VS Code\bin;C:\Users\sam\AppData\Roaming\npm;C:\Program Files\JetBrains\IntelliJ IDEA 2025.3.3\bin;.]
23-May-2026 16:24:18.801 INFO [main] org.apache.coyote.AbstractProtocol.init Initializing ProtocolHandler ["http-nio-8080"]
23-May-2026 16:24:18.818 INFO [main] org.apache.catalina.startup.Catalina.load Server initialization in [590] milliseconds
23-May-2026 16:24:18.864 INFO [main] org.apache.catalina.core.StandardService.startInternal Starting service [Catalina]
23-May-2026 16:24:18.864 INFO [main] org.apache.catalina.core.StandardEngine.startInternal Starting Servlet engine: [Apache Tomcat/10.1.55]
23-May-2026 16:24:18.878 INFO [main] org.apache.catalina.startup.HostConfig.deployDescriptor Deploying deployment descriptor [D:\Spring_for_sam\Rest_APi_jersey_basic\conf\Catalina\localhost\ROOT.xml]
23-May-2026 16:24:20.330 INFO [main] org.apache.jasper.servlet.TldScanner.scanJars At least one JAR was scanned for TLDs yet contained no TLDs. Enable debug logging for this logger for a complete list of JARs that were scanned but no TLDs were found in them. Skipping unneeded JARs during scanning can improve startup time and JSP compilation time.
23-May-2026 16:24:20.433 INFO [main] org.apache.catalina.startup.HostConfig.deployDescriptor Deployment of deployment descriptor [D:\Spring_for_sam\Rest_APi_jersey_basic\conf\Catalina\localhost\ROOT.xml] has finished in [1,552] ms
23-May-2026 16:24:20.436 INFO [main] org.apache.coyote.AbstractProtocol.start Starting ProtocolHandler ["http-nio-8080"]
23-May-2026 16:24:20.463 INFO [main] org.apache.catalina.startup.Catalina.start Server startup in [1643] milliseconds
23-May-2026 16:25:56.582 INFO [Thread-1] org.apache.coyote.AbstractProtocol.pause Pausing ProtocolHandler ["http-nio-8080"]
23-May-2026 16:25:56.591 INFO [Thread-1] org.apache.catalina.core.StandardService.stopInternal Stopping service [Catalina]
23-May-2026 16:25:56.599 INFO [Thread-1] org.apache.coyote.AbstractProtocol.stop Stopping ProtocolHandler ["http-nio-8080"]
23-May-2026 16:25:56.603 INFO [Thread-1] org.apache.coyote.AbstractProtocol.destroy Destroying ProtocolHandler ["http-nio-8080"]
23-May-2026 16:25:58.046 INFO [main] org.apache.catalina.startup.VersionLoggerListener.log Server version name:   Apache Tomcat/10.1.55
23-May-2026 16:25:58.051 INFO [main] org.apache.catalina.startup.VersionLoggerListener.log Server built:          May 5 2026 13:33:02 UTC
23-May-2026 16:25:58.051 INFO [main] org.apache.catalina.startup.VersionLoggerListener.log Server version number: 10.1.55.0
23-May-2026 16:25:58.051 INFO [main] org.apache.catalina.startup.VersionLoggerListener.log OS Name:               Windows 11
23-May-2026 16:25:58.051 INFO [main] org.apache.catalina.startup.VersionLoggerListener.log OS Version:            10.0
23-May-2026 16:25:58.051 INFO [main] org.apache.catalina.startup.VersionLoggerListener.log Architecture:          amd64
23-May-2026 16:25:58.051 INFO [main] org.apache.catalina.startup.VersionLoggerListener.log Java Home:             C:\Users\sam\.jdks\openjdk-25.0.2
23-May-2026 16:25:58.051 INFO [main] org.apache.catalina.startup.VersionLoggerListener.log JVM Version:           25.0.2+10-69
23-May-2026 16:25:58.051 INFO [main] org.apache.catalina.startup.VersionLoggerListener.log JVM Vendor:            Oracle Corporation
23-May-2026 16:25:58.052 INFO [main] org.apache.catalina.startup.VersionLoggerListener.log CATALINA_BASE:         D:\Spring_for_sam\Rest_APi_jersey_basic
23-May-2026 16:25:58.052 INFO [main] org.apache.catalina.startup.VersionLoggerListener.log CATALINA_HOME:         C:\Program Files\Apache Software Foundation\Tomcat 10.1
23-May-2026 16:25:58.062 INFO [main] org.apache.catalina.startup.VersionLoggerListener.log Command line argument: --add-opens=java.base/java.lang=ALL-UNNAMED
23-May-2026 16:25:58.063 INFO [main] org.apache.catalina.startup.VersionLoggerListener.log Command line argument: --add-opens=java.base/java.io=ALL-UNNAMED
23-May-2026 16:25:58.063 INFO [main] org.apache.catalina.startup.VersionLoggerListener.log Command line argument: --add-opens=java.base/java.util=ALL-UNNAMED
23-May-2026 16:25:58.063 INFO [main] org.apache.catalina.startup.VersionLoggerListener.log Command line argument: --add-opens=java.base/java.util.concurrent=ALL-UNNAMED
23-May-2026 16:25:58.063 INFO [main] org.apache.catalina.startup.VersionLoggerListener.log Command line argument: --add-opens=java.rmi/sun.rmi.transport=ALL-UNNAMED
23-May-2026 16:25:58.063 INFO [main] org.apache.catalina.startup.VersionLoggerListener.log Command line argument: -Dcatalina.home=C:\Program Files\Apache Software Foundation\Tomcat 10.1
23-May-2026 16:25:58.063 INFO [main] org.apache.catalina.startup.VersionLoggerListener.log Command line argument: -Dcatalina.base=D:\Spring_for_sam\Rest_APi_jersey_basic
23-May-2026 16:25:58.063 INFO [main] org.apache.catalina.startup.VersionLoggerListener.log Command line argument: -Djava.io.tmpdir=D:\Spring_for_sam\Rest_APi_jersey_basic\temp
23-May-2026 16:25:58.063 INFO [main] org.apache.catalina.startup.VersionLoggerListener.log Command line argument: -Djava.util.logging.config.file=D:\Spring_for_sam\Rest_APi_jersey_basic\conf\logging.properties
23-May-2026 16:25:58.063 INFO [main] org.apache.catalina.startup.VersionLoggerListener.log Command line argument: -Djava.util.logging.manager=org.apache.juli.ClassLoaderLogManager
23-May-2026 16:25:58.064 INFO [main] org.apache.catalina.startup.VersionLoggerListener.log Command line argument: -javaagent:C:\Program Files\JetBrains\IntelliJ IDEA 2025.3.3\lib\idea_rt.jar=63944
23-May-2026 16:25:58.064 INFO [main] org.apache.catalina.startup.VersionLoggerListener.log Command line argument: -Dfile.encoding=UTF-8
23-May-2026 16:25:58.064 INFO [main] org.apache.catalina.startup.VersionLoggerListener.log Command line argument: -Dsun.stdout.encoding=UTF-8
23-May-2026 16:25:58.064 INFO [main] org.apache.catalina.startup.VersionLoggerListener.log Command line argument: -Dsun.stderr.encoding=UTF-8
23-May-2026 16:25:58.075 INFO [main] org.apache.catalina.core.AprLifecycleListener.lifecycleEvent The Apache Tomcat Native library which allows using OpenSSL was not found on the java.library.path: [C:\Users\sam\.jdks\openjdk-25.0.2\bin;C:\WINDOWS\Sun\Java\bin;C:\WINDOWS\system32;C:\WINDOWS;C:\Program Files\Common Files\Oracle\Java\javapath;C:\Program Files (x86)\Common Files\Oracle\Java\java8path;C:\Program Files (x86)\Common Files\Oracle\Java\javapath;C:\WINDOWS\system32;C:\WINDOWS;C:\WINDOWS\System32\Wbem;C:\WINDOWS\System32\WindowsPowerShell\v1.0\;C:\WINDOWS\System32\OpenSSH\;C:\Program Files (x86)\NVIDIA Corporation\PhysX\Common;C:\Program Files\NVIDIA Corporation\NVIDIA NvDLISR;C:\Program Files\dotnet\;C:\MinGW\bin;C:\Program Files\Git\cmd;C:\Program Files\nodejs\;C:\Users\sam\apache-maven-3.9.14-bin\apache-maven-3.9.14\bin;C:\Users\sam\AppData\Local\Programs\Python\Launcher\;C:\Users\sam\AppData\Local\Microsoft\WindowsApps;C:\Users\sam\AppData\Local\GitHubDesktop\bin;C:\Users\sam\AppData\Local\Programs\Microsoft VS Code\bin;C:\Users\sam\AppData\Roaming\npm;C:\Program Files\JetBrains\IntelliJ IDEA 2025.3.3\bin;.]
23-May-2026 16:25:58.399 INFO [main] org.apache.coyote.AbstractProtocol.init Initializing ProtocolHandler ["http-nio-8080"]
23-May-2026 16:25:58.422 INFO [main] org.apache.catalina.startup.Catalina.load Server initialization in [602] milliseconds
23-May-2026 16:25:58.482 INFO [main] org.apache.catalina.core.StandardService.startInternal Starting service [Catalina]
23-May-2026 16:25:58.482 INFO [main] org.apache.catalina.core.StandardEngine.startInternal Starting Servlet engine: [Apache Tomcat/10.1.55]
23-May-2026 16:25:58.495 INFO [main] org.apache.catalina.startup.HostConfig.deployDescriptor Deploying deployment descriptor [D:\Spring_for_sam\Rest_APi_jersey_basic\conf\Catalina\localhost\ROOT.xml]
23-May-2026 16:26:00.194 INFO [main] org.apache.jasper.servlet.TldScanner.scanJars At least one JAR was scanned for TLDs yet contained no TLDs. Enable debug logging for this logger for a complete list of JARs that were scanned but no TLDs were found in them. Skipping unneeded JARs during scanning can improve startup time and JSP compilation time.
23-May-2026 16:26:00.313 INFO [main] org.apache.catalina.startup.HostConfig.deployDescriptor Deployment of deployment descriptor [D:\Spring_for_sam\Rest_APi_jersey_basic\conf\Catalina\localhost\ROOT.xml] has finished in [1,815] ms
23-May-2026 16:26:00.319 INFO [main] org.apache.coyote.AbstractProtocol.start Starting ProtocolHandler ["http-nio-8080"]
23-May-2026 16:26:00.349 INFO [main] org.apache.catalina.startup.Catalina.start Server startup in [1925] milliseconds
23-May-2026 16:26:58.894 INFO [Thread-1] org.apache.coyote.AbstractProtocol.pause Pausing ProtocolHandler ["http-nio-8080"]
23-May-2026 16:26:58.902 INFO [Thread-1] org.apache.catalina.core.StandardService.stopInternal Stopping service [Catalina]
23-May-2026 16:26:58.910 INFO [Thread-1] org.apache.coyote.AbstractProtocol.stop Stopping ProtocolHandler ["http-nio-8080"]
23-May-2026 16:26:58.913 INFO [Thread-1] org.apache.coyote.AbstractProtocol.destroy Destroying ProtocolHandler ["http-nio-8080"]
23-May-2026 16:27:29.977 INFO [main] org.apache.catalina.startup.VersionLoggerListener.log Server version name:   Apache Tomcat/10.1.55
23-May-2026 16:27:29.980 INFO [main] org.apache.catalina.startup.VersionLoggerListener.log Server built:          May 5 2026 13:33:02 UTC
23-May-2026 16:27:29.980 INFO [main] org.apache.catalina.startup.VersionLoggerListener.log Server version number: 10.1.55.0
23-May-2026 16:27:29.980 INFO [main] org.apache.catalina.startup.VersionLoggerListener.log OS Name:               Windows 11
23-May-2026 16:27:29.981 INFO [main] org.apache.catalina.startup.VersionLoggerListener.log OS Version:            10.0
23-May-2026 16:27:29.981 INFO [main] org.apache.catalina.startup.VersionLoggerListener.log Architecture:          amd64
23-May-2026 16:27:29.981 INFO [main] org.apache.catalina.startup.VersionLoggerListener.log Java Home:             C:\Users\sam\.jdks\openjdk-25.0.2
23-May-2026 16:27:29.981 INFO [main] org.apache.catalina.startup.VersionLoggerListener.log JVM Version:           25.0.2+10-69
23-May-2026 16:27:29.981 INFO [main] org.apache.catalina.startup.VersionLoggerListener.log JVM Vendor:            Oracle Corporation
23-May-2026 16:27:29.981 INFO [main] org.apache.catalina.startup.VersionLoggerListener.log CATALINA_BASE:         D:\Spring_for_sam\Rest_APi_jersey_basic
23-May-2026 16:27:29.981 INFO [main] org.apache.catalina.startup.VersionLoggerListener.log CATALINA_HOME:         C:\Program Files\Apache Software Foundation\Tomcat 10.1
23-May-2026 16:27:29.990 INFO [main] org.apache.catalina.startup.VersionLoggerListener.log Command line argument: --add-opens=java.base/java.lang=ALL-UNNAMED
23-May-2026 16:27:29.990 INFO [main] org.apache.catalina.startup.VersionLoggerListener.log Command line argument: --add-opens=java.base/java.io=ALL-UNNAMED
23-May-2026 16:27:29.990 INFO [main] org.apache.catalina.startup.VersionLoggerListener.log Command line argument: --add-opens=java.base/java.util=ALL-UNNAMED
23-May-2026 16:27:29.990 INFO [main] org.apache.catalina.startup.VersionLoggerListener.log Command line argument: --add-opens=java.base/java.util.concurrent=ALL-UNNAMED
23-May-2026 16:27:29.990 INFO [main] org.apache.catalina.startup.VersionLoggerListener.log Command line argument: --add-opens=java.rmi/sun.rmi.transport=ALL-UNNAMED
23-May-2026 16:27:29.990 INFO [main] org.apache.catalina.startup.VersionLoggerListener.log Command line argument: -Dcatalina.home=C:\Program Files\Apache Software Foundation\Tomcat 10.1
23-May-2026 16:27:29.990 INFO [main] org.apache.catalina.startup.VersionLoggerListener.log Command line argument: -Dcatalina.base=D:\Spring_for_sam\Rest_APi_jersey_basic
23-May-2026 16:27:29.990 INFO [main] org.apache.catalina.startup.VersionLoggerListener.log Command line argument: -Djava.io.tmpdir=D:\Spring_for_sam\Rest_APi_jersey_basic\temp
23-May-2026 16:27:29.990 INFO [main] org.apache.catalina.startup.VersionLoggerListener.log Command line argument: -Djava.util.logging.config.file=D:\Spring_for_sam\Rest_APi_jersey_basic\conf\logging.properties
23-May-2026 16:27:29.990 INFO [main] org.apache.catalina.startup.VersionLoggerListener.log Command line argument: -Djava.util.logging.manager=org.apache.juli.ClassLoaderLogManager
23-May-2026 16:27:29.991 INFO [main] org.apache.catalina.startup.VersionLoggerListener.log Command line argument: -javaagent:C:\Program Files\JetBrains\IntelliJ IDEA 2025.3.3\lib\idea_rt.jar=62171
23-May-2026 16:27:29.991 INFO [main] org.apache.catalina.startup.VersionLoggerListener.log Command line argument: -Dfile.encoding=UTF-8
23-May-2026 16:27:29.991 INFO [main] org.apache.catalina.startup.VersionLoggerListener.log Command line argument: -Dsun.stdout.encoding=UTF-8
23-May-2026 16:27:29.991 INFO [main] org.apache.catalina.startup.VersionLoggerListener.log Command line argument: -Dsun.stderr.encoding=UTF-8
23-May-2026 16:27:29.999 INFO [main] org.apache.catalina.core.AprLifecycleListener.lifecycleEvent The Apache Tomcat Native library which allows using OpenSSL was not found on the java.library.path: [C:\Users\sam\.jdks\openjdk-25.0.2\bin;C:\WINDOWS\Sun\Java\bin;C:\WINDOWS\system32;C:\WINDOWS;C:\Program Files\Common Files\Oracle\Java\javapath;C:\Program Files (x86)\Common Files\Oracle\Java\java8path;C:\Program Files (x86)\Common Files\Oracle\Java\javapath;C:\WINDOWS\system32;C:\WINDOWS;C:\WINDOWS\System32\Wbem;C:\WINDOWS\System32\WindowsPowerShell\v1.0\;C:\WINDOWS\System32\OpenSSH\;C:\Program Files (x86)\NVIDIA Corporation\PhysX\Common;C:\Program Files\NVIDIA Corporation\NVIDIA NvDLISR;C:\Program Files\dotnet\;C:\MinGW\bin;C:\Program Files\Git\cmd;C:\Program Files\nodejs\;C:\Users\sam\apache-maven-3.9.14-bin\apache-maven-3.9.14\bin;C:\Users\sam\AppData\Local\Programs\Python\Launcher\;C:\Users\sam\AppData\Local\Microsoft\WindowsApps;C:\Users\sam\AppData\Local\GitHubDesktop\bin;C:\Users\sam\AppData\Local\Programs\Microsoft VS Code\bin;C:\Users\sam\AppData\Roaming\npm;C:\Program Files\JetBrains\IntelliJ IDEA 2025.3.3\bin;.]
23-May-2026 16:27:30.291 INFO [main] org.apache.coyote.AbstractProtocol.init Initializing ProtocolHandler ["http-nio-8080"]
23-May-2026 16:27:30.309 INFO [main] org.apache.catalina.startup.Catalina.load Server initialization in [526] milliseconds
23-May-2026 16:27:30.353 INFO [main] org.apache.catalina.core.StandardService.startInternal Starting service [Catalina]
23-May-2026 16:27:30.353 INFO [main] org.apache.catalina.core.StandardEngine.startInternal Starting Servlet engine: [Apache Tomcat/10.1.55]
23-May-2026 16:27:30.364 INFO [main] org.apache.catalina.startup.HostConfig.deployDescriptor Deploying deployment descriptor [D:\Spring_for_sam\Rest_APi_jersey_basic\conf\Catalina\localhost\ROOT.xml]
23-May-2026 16:27:31.393 INFO [main] org.apache.catalina.startup.VersionLoggerListener.log Server version name:   Apache Tomcat/10.1.55
23-May-2026 16:27:31.398 INFO [main] org.apache.catalina.startup.VersionLoggerListener.log Server built:          May 5 2026 13:33:02 UTC
23-May-2026 16:27:31.398 INFO [main] org.apache.catalina.startup.VersionLoggerListener.log Server version number: 10.1.55.0
23-May-2026 16:27:31.398 INFO [main] org.apache.catalina.startup.VersionLoggerListener.log OS Name:               Windows 11
23-May-2026 16:27:31.398 INFO [main] org.apache.catalina.startup.VersionLoggerListener.log OS Version:            10.0
23-May-2026 16:27:31.398 INFO [main] org.apache.catalina.startup.VersionLoggerListener.log Architecture:          amd64
23-May-2026 16:27:31.398 INFO [main] org.apache.catalina.startup.VersionLoggerListener.log Java Home:             C:\Users\sam\.jdks\openjdk-25.0.2
23-May-2026 16:27:31.398 INFO [main] org.apache.catalina.startup.VersionLoggerListener.log JVM Version:           25.0.2+10-69
23-May-2026 16:27:31.399 INFO [main] org.apache.catalina.startup.VersionLoggerListener.log JVM Vendor:            Oracle Corporation
23-May-2026 16:27:31.399 INFO [main] org.apache.catalina.startup.VersionLoggerListener.log CATALINA_BASE:         D:\Spring_for_sam\Rest_APi_jersey_basic
23-May-2026 16:27:31.399 INFO [main] org.apache.catalina.startup.VersionLoggerListener.log CATALINA_HOME:         C:\Program Files\Apache Software Foundation\Tomcat 10.1
23-May-2026 16:27:31.408 INFO [main] org.apache.catalina.startup.VersionLoggerListener.log Command line argument: --add-opens=java.base/java.lang=ALL-UNNAMED
23-May-2026 16:27:31.408 INFO [main] org.apache.catalina.startup.VersionLoggerListener.log Command line argument: --add-opens=java.base/java.io=ALL-UNNAMED
23-May-2026 16:27:31.408 INFO [main] org.apache.catalina.startup.VersionLoggerListener.log Command line argument: --add-opens=java.base/java.util=ALL-UNNAMED
23-May-2026 16:27:31.409 INFO [main] org.apache.catalina.startup.VersionLoggerListener.log Command line argument: --add-opens=java.base/java.util.concurrent=ALL-UNNAMED
23-May-2026 16:27:31.409 INFO [main] org.apache.catalina.startup.VersionLoggerListener.log Command line argument: --add-opens=java.rmi/sun.rmi.transport=ALL-UNNAMED
23-May-2026 16:27:31.409 INFO [main] org.apache.catalina.startup.VersionLoggerListener.log Command line argument: -Dcatalina.home=C:\Program Files\Apache Software Foundation\Tomcat 10.1
23-May-2026 16:27:31.409 INFO [main] org.apache.catalina.startup.VersionLoggerListener.log Command line argument: -Dcatalina.base=D:\Spring_for_sam\Rest_APi_jersey_basic
23-May-2026 16:27:31.409 INFO [main] org.apache.catalina.startup.VersionLoggerListener.log Command line argument: -Djava.io.tmpdir=D:\Spring_for_sam\Rest_APi_jersey_basic\temp
23-May-2026 16:27:31.409 INFO [main] org.apache.catalina.startup.VersionLoggerListener.log Command line argument: -Djava.util.logging.config.file=D:\Spring_for_sam\Rest_APi_jersey_basic\conf\logging.properties
23-May-2026 16:27:31.409 INFO [main] org.apache.catalina.startup.VersionLoggerListener.log Command line argument: -Djava.util.logging.manager=org.apache.juli.ClassLoaderLogManager
23-May-2026 16:27:31.409 INFO [main] org.apache.catalina.startup.VersionLoggerListener.log Command line argument: -javaagent:C:\Program Files\JetBrains\IntelliJ IDEA 2025.3.3\lib\idea_rt.jar=62174
23-May-2026 16:27:31.410 INFO [main] org.apache.catalina.startup.VersionLoggerListener.log Command line argument: -Dfile.encoding=UTF-8
23-May-2026 16:27:31.410 INFO [main] org.apache.catalina.startup.VersionLoggerListener.log Command line argument: -Dsun.stdout.encoding=UTF-8
23-May-2026 16:27:31.410 INFO [main] org.apache.catalina.startup.VersionLoggerListener.log Command line argument: -Dsun.stderr.encoding=UTF-8
23-May-2026 16:27:31.423 INFO [main] org.apache.catalina.core.AprLifecycleListener.lifecycleEvent The Apache Tomcat Native library which allows using OpenSSL was not found on the java.library.path: [C:\Users\sam\.jdks\openjdk-25.0.2\bin;C:\WINDOWS\Sun\Java\bin;C:\WINDOWS\system32;C:\WINDOWS;C:\Program Files\Common Files\Oracle\Java\javapath;C:\Program Files (x86)\Common Files\Oracle\Java\java8path;C:\Program Files (x86)\Common Files\Oracle\Java\javapath;C:\WINDOWS\system32;C:\WINDOWS;C:\WINDOWS\System32\Wbem;C:\WINDOWS\System32\WindowsPowerShell\v1.0\;C:\WINDOWS\System32\OpenSSH\;C:\Program Files (x86)\NVIDIA Corporation\PhysX\Common;C:\Program Files\NVIDIA Corporation\NVIDIA NvDLISR;C:\Program Files\dotnet\;C:\MinGW\bin;C:\Program Files\Git\cmd;C:\Program Files\nodejs\;C:\Users\sam\apache-maven-3.9.14-bin\apache-maven-3.9.14\bin;C:\Users\sam\AppData\Local\Programs\Python\Launcher\;C:\Users\sam\AppData\Local\Microsoft\WindowsApps;C:\Users\sam\AppData\Local\GitHubDesktop\bin;C:\Users\sam\AppData\Local\Programs\Microsoft VS Code\bin;C:\Users\sam\AppData\Roaming\npm;C:\Program Files\JetBrains\IntelliJ IDEA 2025.3.3\bin;.]
23-May-2026 16:27:31.766 INFO [main] org.apache.coyote.AbstractProtocol.init Initializing ProtocolHandler ["http-nio-8080"]
23-May-2026 16:27:31.783 SEVERE [main] org.apache.catalina.util.LifecycleBase.handleSubClassException Failed to initialize component [Connector["http-nio-8080"]]
	org.apache.catalina.LifecycleException: Protocol handler initialization failed
		at org.apache.catalina.connector.Connector.initInternal(Connector.java:1084)
		at org.apache.catalina.util.LifecycleBase.init(LifecycleBase.java:122)
		at org.apache.catalina.core.StandardService.initInternal(StandardService.java:520)
		at org.apache.catalina.util.LifecycleBase.init(LifecycleBase.java:122)
		at org.apache.catalina.core.StandardServer.initInternal(StandardServer.java:955)
		at org.apache.catalina.util.LifecycleBase.init(LifecycleBase.java:122)
		at org.apache.catalina.startup.Catalina.load(Catalina.java:709)
		at org.apache.catalina.startup.Catalina.load(Catalina.java:732)
		at java.base/jdk.internal.reflect.DirectMethodHandleAccessor.invoke(DirectMethodHandleAccessor.java:104)
		at java.base/java.lang.reflect.Method.invoke(Method.java:565)
		at org.apache.catalina.startup.Bootstrap.load(Bootstrap.java:299)
		at org.apache.catalina.startup.Bootstrap.main(Bootstrap.java:472)
	Caused by: java.net.BindException: Address already in use: bind
		at java.base/sun.nio.ch.Net.bind0(Native Method)
		at java.base/sun.nio.ch.Net.bind(Net.java:522)
		at java.base/sun.nio.ch.ServerSocketChannelImpl.netBind(ServerSocketChannelImpl.java:335)
		at java.base/sun.nio.ch.ServerSocketChannelImpl.bind(ServerSocketChannelImpl.java:297)
		at org.apache.tomcat.util.net.NioEndpoint.initServerSocket(NioEndpoint.java:264)
		at org.apache.tomcat.util.net.NioEndpoint.bind(NioEndpoint.java:219)
		at org.apache.tomcat.util.net.AbstractEndpoint.bindWithCleanup(AbstractEndpoint.java:1434)
		at org.apache.tomcat.util.net.AbstractEndpoint.init(AbstractEndpoint.java:1447)
		at org.apache.coyote.AbstractProtocol.init(AbstractProtocol.java:932)
		at org.apache.coyote.http11.AbstractHttp11Protocol.init(AbstractHttp11Protocol.java:82)
		at org.apache.catalina.connector.Connector.initInternal(Connector.java:1082)
		... 11 more
23-May-2026 16:27:31.784 INFO [main] org.apache.catalina.startup.Catalina.load Server initialization in [620] milliseconds
23-May-2026 16:27:31.833 INFO [main] org.apache.catalina.core.StandardService.startInternal Starting service [Catalina]
23-May-2026 16:27:31.833 INFO [main] org.apache.catalina.core.StandardEngine.startInternal Starting Servlet engine: [Apache Tomcat/10.1.55]
23-May-2026 16:27:31.844 INFO [main] org.apache.catalina.startup.HostConfig.deployDescriptor Deploying deployment descriptor [D:\Spring_for_sam\Rest_APi_jersey_basic\conf\Catalina\localhost\ROOT.xml]
23-May-2026 16:27:32.496 INFO [main] org.apache.jasper.servlet.TldScanner.scanJars At least one JAR was scanned for TLDs yet contained no TLDs. Enable debug logging for this logger for a complete list of JARs that were scanned but no TLDs were found in them. Skipping unneeded JARs during scanning can improve startup time and JSP compilation time.
23-May-2026 16:27:32.615 INFO [main] org.apache.catalina.startup.HostConfig.deployDescriptor Deployment of deployment descriptor [D:\Spring_for_sam\Rest_APi_jersey_basic\conf\Catalina\localhost\ROOT.xml] has finished in [2,247] ms
23-May-2026 16:27:32.618 INFO [main] org.apache.coyote.AbstractProtocol.start Starting ProtocolHandler ["http-nio-8080"]
23-May-2026 16:27:32.648 INFO [main] org.apache.catalina.startup.Catalina.start Server startup in [2337] milliseconds
23-May-2026 16:27:33.385 INFO [main] org.apache.jasper.servlet.TldScanner.scanJars At least one JAR was scanned for TLDs yet contained no TLDs. Enable debug logging for this logger for a complete list of JARs that were scanned but no TLDs were found in them. Skipping unneeded JARs during scanning can improve startup time and JSP compilation time.
23-May-2026 16:27:33.487 INFO [main] org.apache.catalina.startup.HostConfig.deployDescriptor Deployment of deployment descriptor [D:\Spring_for_sam\Rest_APi_jersey_basic\conf\Catalina\localhost\ROOT.xml] has finished in [1,639] ms
23-May-2026 16:27:33.490 INFO [main] org.apache.catalina.startup.Catalina.start Server startup in [1703] milliseconds
23-May-2026 16:27:33.496 SEVERE [main] org.apache.catalina.core.StandardServer.await Failed to create server shutdown socket on address [localhost] and port [8005] (base port [8005] and offset [0])
	java.net.BindException: Address already in use: bind
		at java.base/sun.nio.ch.Net.bind0(Native Method)
		at java.base/sun.nio.ch.Net.bind(Net.java:522)
		at java.base/sun.nio.ch.Net.bind(Net.java:511)
		at java.base/sun.nio.ch.NioSocketImpl.bind(NioSocketImpl.java:641)
		at java.base/java.net.ServerSocket.bind(ServerSocket.java:326)
		at java.base/java.net.ServerSocket.<init>(ServerSocket.java:222)
		at org.apache.catalina.core.StandardServer.await(StandardServer.java:531)
		at org.apache.catalina.startup.Catalina.await(Catalina.java:848)
		at org.apache.catalina.startup.Catalina.start(Catalina.java:796)
		at java.base/jdk.internal.reflect.DirectMethodHandleAccessor.invoke(DirectMethodHandleAccessor.java:104)
		at java.base/java.lang.reflect.Method.invoke(Method.java:565)
		at org.apache.catalina.startup.Bootstrap.start(Bootstrap.java:342)
		at org.apache.catalina.startup.Bootstrap.main(Bootstrap.java:473)
23-May-2026 16:27:33.496 INFO [main] org.apache.coyote.AbstractProtocol.pause Pausing ProtocolHandler ["http-nio-8080"]
23-May-2026 16:27:33.497 INFO [main] org.apache.catalina.core.StandardService.stopInternal Stopping service [Catalina]
23-May-2026 16:27:33.503 INFO [main] org.apache.coyote.AbstractProtocol.stop Stopping ProtocolHandler ["http-nio-8080"]
23-May-2026 16:27:33.503 INFO [main] org.apache.coyote.AbstractProtocol.destroy Destroying ProtocolHandler ["http-nio-8080"]
23-May-2026 16:27:42.621 INFO [Catalina-utility-2] org.apache.catalina.startup.HostConfig.undeploy Undeploying context []
23-May-2026 16:27:42.642 INFO [Catalina-utility-2] org.apache.catalina.startup.HostConfig.deployDescriptor Deploying deployment descriptor [D:\Spring_for_sam\Rest_APi_jersey_basic\conf\Catalina\localhost\ROOT.xml]
23-May-2026 16:27:44.072 INFO [Catalina-utility-2] org.apache.jasper.servlet.TldScanner.scanJars At least one JAR was scanned for TLDs yet contained no TLDs. Enable debug logging for this logger for a complete list of JARs that were scanned but no TLDs were found in them. Skipping unneeded JARs during scanning can improve startup time and JSP compilation time.
23-May-2026 16:27:44.140 INFO [Catalina-utility-2] org.apache.catalina.startup.HostConfig.deployDescriptor Deployment of deployment descriptor [D:\Spring_for_sam\Rest_APi_jersey_basic\conf\Catalina\localhost\ROOT.xml] has finished in [1,498] ms
23-May-2026 17:09:22.243 INFO [Thread-1] org.apache.coyote.AbstractProtocol.pause Pausing ProtocolHandler ["http-nio-8080"]
23-May-2026 17:09:22.252 INFO [Thread-1] org.apache.catalina.core.StandardService.stopInternal Stopping service [Catalina]
23-May-2026 17:09:22.258 INFO [Thread-1] org.apache.coyote.AbstractProtocol.stop Stopping ProtocolHandler ["http-nio-8080"]
23-May-2026 17:09:22.262 INFO [Thread-1] org.apache.coyote.AbstractProtocol.destroy Destroying ProtocolHandler ["http-nio-8080"]
23-May-2026 17:09:28.532 INFO [main] org.apache.catalina.startup.VersionLoggerListener.log Server version name:   Apache Tomcat/10.1.55
23-May-2026 17:09:28.535 INFO [main] org.apache.catalina.startup.VersionLoggerListener.log Server built:          May 5 2026 13:33:02 UTC
23-May-2026 17:09:28.536 INFO [main] org.apache.catalina.startup.VersionLoggerListener.log Server version number: 10.1.55.0
23-May-2026 17:09:28.536 INFO [main] org.apache.catalina.startup.VersionLoggerListener.log OS Name:               Windows 11
23-May-2026 17:09:28.536 INFO [main] org.apache.catalina.startup.VersionLoggerListener.log OS Version:            10.0
23-May-2026 17:09:28.536 INFO [main] org.apache.catalina.startup.VersionLoggerListener.log Architecture:          amd64
23-May-2026 17:09:28.536 INFO [main] org.apache.catalina.startup.VersionLoggerListener.log Java Home:             C:\Users\sam\.jdks\openjdk-25.0.2
23-May-2026 17:09:28.536 INFO [main] org.apache.catalina.startup.VersionLoggerListener.log JVM Version:           25.0.2+10-69
23-May-2026 17:09:28.536 INFO [main] org.apache.catalina.startup.VersionLoggerListener.log JVM Vendor:            Oracle Corporation
23-May-2026 17:09:28.536 INFO [main] org.apache.catalina.startup.VersionLoggerListener.log CATALINA_BASE:         D:\Spring_for_sam\Rest_APi_jersey_basic
23-May-2026 17:09:28.536 INFO [main] org.apache.catalina.startup.VersionLoggerListener.log CATALINA_HOME:         C:\Program Files\Apache Software Foundation\Tomcat 10.1
23-May-2026 17:09:28.545 INFO [main] org.apache.catalina.startup.VersionLoggerListener.log Command line argument: --add-opens=java.base/java.lang=ALL-UNNAMED
23-May-2026 17:09:28.545 INFO [main] org.apache.catalina.startup.VersionLoggerListener.log Command line argument: --add-opens=java.base/java.io=ALL-UNNAMED
23-May-2026 17:09:28.545 INFO [main] org.apache.catalina.startup.VersionLoggerListener.log Command line argument: --add-opens=java.base/java.util=ALL-UNNAMED
23-May-2026 17:09:28.545 INFO [main] org.apache.catalina.startup.VersionLoggerListener.log Command line argument: --add-opens=java.base/java.util.concurrent=ALL-UNNAMED
23-May-2026 17:09:28.545 INFO [main] org.apache.catalina.startup.VersionLoggerListener.log Command line argument: --add-opens=java.rmi/sun.rmi.transport=ALL-UNNAMED
23-May-2026 17:09:28.546 INFO [main] org.apache.catalina.startup.VersionLoggerListener.log Command line argument: -Dcatalina.home=C:\Program Files\Apache Software Foundation\Tomcat 10.1
23-May-2026 17:09:28.546 INFO [main] org.apache.catalina.startup.VersionLoggerListener.log Command line argument: -Dcatalina.base=D:\Spring_for_sam\Rest_APi_jersey_basic
23-May-2026 17:09:28.546 INFO [main] org.apache.catalina.startup.VersionLoggerListener.log Command line argument: -Djava.io.tmpdir=D:\Spring_for_sam\Rest_APi_jersey_basic\temp
23-May-2026 17:09:28.546 INFO [main] org.apache.catalina.startup.VersionLoggerListener.log Command line argument: -Djava.util.logging.config.file=D:\Spring_for_sam\Rest_APi_jersey_basic\conf\logging.properties
23-May-2026 17:09:28.546 INFO [main] org.apache.catalina.startup.VersionLoggerListener.log Command line argument: -Djava.util.logging.manager=org.apache.juli.ClassLoaderLogManager
23-May-2026 17:09:28.546 INFO [main] org.apache.catalina.startup.VersionLoggerListener.log Command line argument: -javaagent:C:\Program Files\JetBrains\IntelliJ IDEA 2025.3.3\lib\idea_rt.jar=56765
23-May-2026 17:09:28.546 INFO [main] org.apache.catalina.startup.VersionLoggerListener.log Command line argument: -Dfile.encoding=UTF-8
23-May-2026 17:09:28.546 INFO [main] org.apache.catalina.startup.VersionLoggerListener.log Command line argument: -Dsun.stdout.encoding=UTF-8
23-May-2026 17:09:28.546 INFO [main] org.apache.catalina.startup.VersionLoggerListener.log Command line argument: -Dsun.stderr.encoding=UTF-8
23-May-2026 17:09:28.554 INFO [main] org.apache.catalina.core.AprLifecycleListener.lifecycleEvent The Apache Tomcat Native library which allows using OpenSSL was not found on the java.library.path: [C:\Users\sam\.jdks\openjdk-25.0.2\bin;C:\WINDOWS\Sun\Java\bin;C:\WINDOWS\system32;C:\WINDOWS;C:\Program Files\Common Files\Oracle\Java\javapath;C:\Program Files (x86)\Common Files\Oracle\Java\java8path;C:\Program Files (x86)\Common Files\Oracle\Java\javapath;C:\WINDOWS\system32;C:\WINDOWS;C:\WINDOWS\System32\Wbem;C:\WINDOWS\System32\WindowsPowerShell\v1.0\;C:\WINDOWS\System32\OpenSSH\;C:\Program Files (x86)\NVIDIA Corporation\PhysX\Common;C:\Program Files\NVIDIA Corporation\NVIDIA NvDLISR;C:\Program Files\dotnet\;C:\MinGW\bin;C:\Program Files\Git\cmd;C:\Program Files\nodejs\;C:\Users\sam\apache-maven-3.9.14-bin\apache-maven-3.9.14\bin;C:\Users\sam\AppData\Local\Programs\Python\Launcher\;C:\Users\sam\AppData\Local\Microsoft\WindowsApps;C:\Users\sam\AppData\Local\GitHubDesktop\bin;C:\Users\sam\AppData\Local\Programs\Microsoft VS Code\bin;C:\Users\sam\AppData\Roaming\npm;C:\Program Files\JetBrains\IntelliJ IDEA 2025.3.3\bin;.]
23-May-2026 17:09:28.822 INFO [main] org.apache.coyote.AbstractProtocol.init Initializing ProtocolHandler ["http-nio-8080"]
23-May-2026 17:09:28.841 INFO [main] org.apache.catalina.startup.Catalina.load Server initialization in [466] milliseconds
23-May-2026 17:09:28.884 INFO [main] org.apache.catalina.core.StandardService.startInternal Starting service [Catalina]
23-May-2026 17:09:28.884 INFO [main] org.apache.catalina.core.StandardEngine.startInternal Starting Servlet engine: [Apache Tomcat/10.1.55]
23-May-2026 17:09:28.893 INFO [main] org.apache.catalina.startup.HostConfig.deployDescriptor Deploying deployment descriptor [D:\Spring_for_sam\Rest_APi_jersey_basic\conf\Catalina\localhost\ROOT.xml]
23-May-2026 17:09:30.330 INFO [main] org.apache.jasper.servlet.TldScanner.scanJars At least one JAR was scanned for TLDs yet contained no TLDs. Enable debug logging for this logger for a complete list of JARs that were scanned but no TLDs were found in them. Skipping unneeded JARs during scanning can improve startup time and JSP compilation time.
23-May-2026 17:09:30.432 INFO [main] org.apache.catalina.startup.HostConfig.deployDescriptor Deployment of deployment descriptor [D:\Spring_for_sam\Rest_APi_jersey_basic\conf\Catalina\localhost\ROOT.xml] has finished in [1,537] ms
23-May-2026 17:09:30.435 INFO [main] org.apache.coyote.AbstractProtocol.start Starting ProtocolHandler ["http-nio-8080"]
23-May-2026 17:09:30.465 INFO [main] org.apache.catalina.startup.Catalina.start Server startup in [1622] milliseconds
23-May-2026 17:15:40.201 INFO [Thread-1] org.apache.coyote.AbstractProtocol.pause Pausing ProtocolHandler ["http-nio-8080"]
23-May-2026 17:15:40.211 INFO [Thread-1] org.apache.catalina.core.StandardService.stopInternal Stopping service [Catalina]
23-May-2026 17:15:40.219 INFO [Thread-1] org.apache.coyote.AbstractProtocol.stop Stopping ProtocolHandler ["http-nio-8080"]
23-May-2026 17:15:40.223 INFO [Thread-1] org.apache.coyote.AbstractProtocol.destroy Destroying ProtocolHandler ["http-nio-8080"]
23-May-2026 17:15:41.995 INFO [main] org.apache.catalina.startup.VersionLoggerListener.log Server version name:   Apache Tomcat/10.1.55
23-May-2026 17:15:42.001 INFO [main] org.apache.catalina.startup.VersionLoggerListener.log Server built:          May 5 2026 13:33:02 UTC
23-May-2026 17:15:42.001 INFO [main] org.apache.catalina.startup.VersionLoggerListener.log Server version number: 10.1.55.0
23-May-2026 17:15:42.002 INFO [main] org.apache.catalina.startup.VersionLoggerListener.log OS Name:               Windows 11
23-May-2026 17:15:42.002 INFO [main] org.apache.catalina.startup.VersionLoggerListener.log OS Version:            10.0
23-May-2026 17:15:42.002 INFO [main] org.apache.catalina.startup.VersionLoggerListener.log Architecture:          amd64
23-May-2026 17:15:42.002 INFO [main] org.apache.catalina.startup.VersionLoggerListener.log Java Home:             C:\Users\sam\.jdks\openjdk-25.0.2
23-May-2026 17:15:42.003 INFO [main] org.apache.catalina.startup.VersionLoggerListener.log JVM Version:           25.0.2+10-69
23-May-2026 17:15:42.003 INFO [main] org.apache.catalina.startup.VersionLoggerListener.log JVM Vendor:            Oracle Corporation
23-May-2026 17:15:42.003 INFO [main] org.apache.catalina.startup.VersionLoggerListener.log CATALINA_BASE:         D:\Spring_for_sam\Rest_APi_jersey_basic
23-May-2026 17:15:42.003 INFO [main] org.apache.catalina.startup.VersionLoggerListener.log CATALINA_HOME:         C:\Program Files\Apache Software Foundation\Tomcat 10.1
23-May-2026 17:15:42.015 INFO [main] org.apache.catalina.startup.VersionLoggerListener.log Command line argument: --add-opens=java.base/java.lang=ALL-UNNAMED
23-May-2026 17:15:42.015 INFO [main] org.apache.catalina.startup.VersionLoggerListener.log Command line argument: --add-opens=java.base/java.io=ALL-UNNAMED
23-May-2026 17:15:42.016 INFO [main] org.apache.catalina.startup.VersionLoggerListener.log Command line argument: --add-opens=java.base/java.util=ALL-UNNAMED
23-May-2026 17:15:42.016 INFO [main] org.apache.catalina.startup.VersionLoggerListener.log Command line argument: --add-opens=java.base/java.util.concurrent=ALL-UNNAMED
23-May-2026 17:15:42.016 INFO [main] org.apache.catalina.startup.VersionLoggerListener.log Command line argument: --add-opens=java.rmi/sun.rmi.transport=ALL-UNNAMED
23-May-2026 17:15:42.016 INFO [main] org.apache.catalina.startup.VersionLoggerListener.log Command line argument: -Dcatalina.home=C:\Program Files\Apache Software Foundation\Tomcat 10.1
23-May-2026 17:15:42.016 INFO [main] org.apache.catalina.startup.VersionLoggerListener.log Command line argument: -Dcatalina.base=D:\Spring_for_sam\Rest_APi_jersey_basic
23-May-2026 17:15:42.016 INFO [main] org.apache.catalina.startup.VersionLoggerListener.log Command line argument: -Djava.io.tmpdir=D:\Spring_for_sam\Rest_APi_jersey_basic\temp
23-May-2026 17:15:42.016 INFO [main] org.apache.catalina.startup.VersionLoggerListener.log Command line argument: -Djava.util.logging.config.file=D:\Spring_for_sam\Rest_APi_jersey_basic\conf\logging.properties
23-May-2026 17:15:42.016 INFO [main] org.apache.catalina.startup.VersionLoggerListener.log Command line argument: -Djava.util.logging.manager=org.apache.juli.ClassLoaderLogManager
23-May-2026 17:15:42.016 INFO [main] org.apache.catalina.startup.VersionLoggerListener.log Command line argument: -javaagent:C:\Program Files\JetBrains\IntelliJ IDEA 2025.3.3\lib\idea_rt.jar=51623
23-May-2026 17:15:42.016 INFO [main] org.apache.catalina.startup.VersionLoggerListener.log Command line argument: -Dfile.encoding=UTF-8
23-May-2026 17:15:42.016 INFO [main] org.apache.catalina.startup.VersionLoggerListener.log Command line argument: -Dsun.stdout.encoding=UTF-8
23-May-2026 17:15:42.017 INFO [main] org.apache.catalina.startup.VersionLoggerListener.log Command line argument: -Dsun.stderr.encoding=UTF-8
23-May-2026 17:15:42.026 INFO [main] org.apache.catalina.core.AprLifecycleListener.lifecycleEvent The Apache Tomcat Native library which allows using OpenSSL was not found on the java.library.path: [C:\Users\sam\.jdks\openjdk-25.0.2\bin;C:\WINDOWS\Sun\Java\bin;C:\WINDOWS\system32;C:\WINDOWS;C:\Program Files\Common Files\Oracle\Java\javapath;C:\Program Files (x86)\Common Files\Oracle\Java\java8path;C:\Program Files (x86)\Common Files\Oracle\Java\javapath;C:\WINDOWS\system32;C:\WINDOWS;C:\WINDOWS\System32\Wbem;C:\WINDOWS\System32\WindowsPowerShell\v1.0\;C:\WINDOWS\System32\OpenSSH\;C:\Program Files (x86)\NVIDIA Corporation\PhysX\Common;C:\Program Files\NVIDIA Corporation\NVIDIA NvDLISR;C:\Program Files\dotnet\;C:\MinGW\bin;C:\Program Files\Git\cmd;C:\Program Files\nodejs\;C:\Users\sam\apache-maven-3.9.14-bin\apache-maven-3.9.14\bin;C:\Users\sam\AppData\Local\Programs\Python\Launcher\;C:\Users\sam\AppData\Local\Microsoft\WindowsApps;C:\Users\sam\AppData\Local\GitHubDesktop\bin;C:\Users\sam\AppData\Local\Programs\Microsoft VS Code\bin;C:\Users\sam\AppData\Roaming\npm;C:\Program Files\JetBrains\IntelliJ IDEA 2025.3.3\bin;.]
23-May-2026 17:15:42.371 INFO [main] org.apache.coyote.AbstractProtocol.init Initializing ProtocolHandler ["http-nio-8080"]
23-May-2026 17:15:42.392 INFO [main] org.apache.catalina.startup.Catalina.load Server initialization in [635] milliseconds
23-May-2026 17:15:42.437 INFO [main] org.apache.catalina.core.StandardService.startInternal Starting service [Catalina]
23-May-2026 17:15:42.438 INFO [main] org.apache.catalina.core.StandardEngine.startInternal Starting Servlet engine: [Apache Tomcat/10.1.55]
23-May-2026 17:15:42.454 INFO [main] org.apache.catalina.startup.HostConfig.deployDescriptor Deploying deployment descriptor [D:\Spring_for_sam\Rest_APi_jersey_basic\conf\Catalina\localhost\ROOT.xml]
23-May-2026 17:15:44.121 INFO [main] org.apache.jasper.servlet.TldScanner.scanJars At least one JAR was scanned for TLDs yet contained no TLDs. Enable debug logging for this logger for a complete list of JARs that were scanned but no TLDs were found in them. Skipping unneeded JARs during scanning can improve startup time and JSP compilation time.
23-May-2026 17:15:44.235 INFO [main] org.apache.catalina.startup.HostConfig.deployDescriptor Deployment of deployment descriptor [D:\Spring_for_sam\Rest_APi_jersey_basic\conf\Catalina\localhost\ROOT.xml] has finished in [1,778] ms
23-May-2026 17:15:44.238 INFO [main] org.apache.coyote.AbstractProtocol.start Starting ProtocolHandler ["http-nio-8080"]
23-May-2026 17:15:44.269 INFO [main] org.apache.catalina.startup.Catalina.start Server startup in [1875] milliseconds
23-May-2026 17:19:33.040 INFO [Thread-1] org.apache.coyote.AbstractProtocol.pause Pausing ProtocolHandler ["http-nio-8080"]
23-May-2026 17:19:33.048 INFO [Thread-1] org.apache.catalina.core.StandardService.stopInternal Stopping service [Catalina]
23-May-2026 17:19:33.055 INFO [Thread-1] org.apache.coyote.AbstractProtocol.stop Stopping ProtocolHandler ["http-nio-8080"]
23-May-2026 17:19:33.059 INFO [Thread-1] org.apache.coyote.AbstractProtocol.destroy Destroying ProtocolHandler ["http-nio-8080"]
23-May-2026 17:20:46.224 INFO [main] org.apache.catalina.startup.VersionLoggerListener.log Server version name:   Apache Tomcat/10.1.55
23-May-2026 17:20:46.228 INFO [main] org.apache.catalina.startup.VersionLoggerListener.log Server built:          May 5 2026 13:33:02 UTC
23-May-2026 17:20:46.228 INFO [main] org.apache.catalina.startup.VersionLoggerListener.log Server version number: 10.1.55.0
23-May-2026 17:20:46.228 INFO [main] org.apache.catalina.startup.VersionLoggerListener.log OS Name:               Windows 11
23-May-2026 17:20:46.228 INFO [main] org.apache.catalina.startup.VersionLoggerListener.log OS Version:            10.0
23-May-2026 17:20:46.228 INFO [main] org.apache.catalina.startup.VersionLoggerListener.log Architecture:          amd64
23-May-2026 17:20:46.229 INFO [main] org.apache.catalina.startup.VersionLoggerListener.log Java Home:             C:\Users\sam\.jdks\openjdk-25.0.2
23-May-2026 17:20:46.229 INFO [main] org.apache.catalina.startup.VersionLoggerListener.log JVM Version:           25.0.2+10-69
23-May-2026 17:20:46.229 INFO [main] org.apache.catalina.startup.VersionLoggerListener.log JVM Vendor:            Oracle Corporation
23-May-2026 17:20:46.229 INFO [main] org.apache.catalina.startup.VersionLoggerListener.log CATALINA_BASE:         D:\Spring_for_sam\Rest_APi_jersey_basic
23-May-2026 17:20:46.229 INFO [main] org.apache.catalina.startup.VersionLoggerListener.log CATALINA_HOME:         C:\Program Files\Apache Software Foundation\Tomcat 10.1
23-May-2026 17:20:46.238 INFO [main] org.apache.catalina.startup.VersionLoggerListener.log Command line argument: --add-opens=java.base/java.lang=ALL-UNNAMED
23-May-2026 17:20:46.239 INFO [main] org.apache.catalina.startup.VersionLoggerListener.log Command line argument: --add-opens=java.base/java.io=ALL-UNNAMED
23-May-2026 17:20:46.239 INFO [main] org.apache.catalina.startup.VersionLoggerListener.log Command line argument: --add-opens=java.base/java.util=ALL-UNNAMED
23-May-2026 17:20:46.239 INFO [main] org.apache.catalina.startup.VersionLoggerListener.log Command line argument: --add-opens=java.base/java.util.concurrent=ALL-UNNAMED
23-May-2026 17:20:46.239 INFO [main] org.apache.catalina.startup.VersionLoggerListener.log Command line argument: --add-opens=java.rmi/sun.rmi.transport=ALL-UNNAMED
23-May-2026 17:20:46.239 INFO [main] org.apache.catalina.startup.VersionLoggerListener.log Command line argument: -Dcatalina.home=C:\Program Files\Apache Software Foundation\Tomcat 10.1
23-May-2026 17:20:46.239 INFO [main] org.apache.catalina.startup.VersionLoggerListener.log Command line argument: -Dcatalina.base=D:\Spring_for_sam\Rest_APi_jersey_basic
23-May-2026 17:20:46.239 INFO [main] org.apache.catalina.startup.VersionLoggerListener.log Command line argument: -Djava.io.tmpdir=D:\Spring_for_sam\Rest_APi_jersey_basic\temp
23-May-2026 17:20:46.239 INFO [main] org.apache.catalina.startup.VersionLoggerListener.log Command line argument: -Djava.util.logging.config.file=D:\Spring_for_sam\Rest_APi_jersey_basic\conf\logging.properties
23-May-2026 17:20:46.240 INFO [main] org.apache.catalina.startup.VersionLoggerListener.log Command line argument: -Djava.util.logging.manager=org.apache.juli.ClassLoaderLogManager
23-May-2026 17:20:46.240 INFO [main] org.apache.catalina.startup.VersionLoggerListener.log Command line argument: -javaagent:C:\Program Files\JetBrains\IntelliJ IDEA 2025.3.3\lib\idea_rt.jar=50353
23-May-2026 17:20:46.240 INFO [main] org.apache.catalina.startup.VersionLoggerListener.log Command line argument: -Dfile.encoding=UTF-8
23-May-2026 17:20:46.240 INFO [main] org.apache.catalina.startup.VersionLoggerListener.log Command line argument: -Dsun.stdout.encoding=UTF-8
23-May-2026 17:20:46.240 INFO [main] org.apache.catalina.startup.VersionLoggerListener.log Command line argument: -Dsun.stderr.encoding=UTF-8
23-May-2026 17:20:46.249 INFO [main] org.apache.catalina.core.AprLifecycleListener.lifecycleEvent The Apache Tomcat Native library which allows using OpenSSL was not found on the java.library.path: [C:\Users\sam\.jdks\openjdk-25.0.2\bin;C:\WINDOWS\Sun\Java\bin;C:\WINDOWS\system32;C:\WINDOWS;C:\Program Files\Common Files\Oracle\Java\javapath;C:\Program Files (x86)\Common Files\Oracle\Java\java8path;C:\Program Files (x86)\Common Files\Oracle\Java\javapath;C:\WINDOWS\system32;C:\WINDOWS;C:\WINDOWS\System32\Wbem;C:\WINDOWS\System32\WindowsPowerShell\v1.0\;C:\WINDOWS\System32\OpenSSH\;C:\Program Files (x86)\NVIDIA Corporation\PhysX\Common;C:\Program Files\NVIDIA Corporation\NVIDIA NvDLISR;C:\Program Files\dotnet\;C:\MinGW\bin;C:\Program Files\Git\cmd;C:\Program Files\nodejs\;C:\Users\sam\apache-maven-3.9.14-bin\apache-maven-3.9.14\bin;C:\Users\sam\AppData\Local\Programs\Python\Launcher\;C:\Users\sam\AppData\Local\Microsoft\WindowsApps;C:\Users\sam\AppData\Local\GitHubDesktop\bin;C:\Users\sam\AppData\Local\Programs\Microsoft VS Code\bin;C:\Users\sam\AppData\Roaming\npm;C:\Program Files\JetBrains\IntelliJ IDEA 2025.3.3\bin;.]
23-May-2026 17:20:46.553 INFO [main] org.apache.coyote.AbstractProtocol.init Initializing ProtocolHandler ["http-nio-8080"]
23-May-2026 17:20:46.574 INFO [main] org.apache.catalina.startup.Catalina.load Server initialization in [533] milliseconds
23-May-2026 17:20:46.622 INFO [main] org.apache.catalina.core.StandardService.startInternal Starting service [Catalina]
23-May-2026 17:20:46.623 INFO [main] org.apache.catalina.core.StandardEngine.startInternal Starting Servlet engine: [Apache Tomcat/10.1.55]
23-May-2026 17:20:46.635 INFO [main] org.apache.catalina.startup.HostConfig.deployDescriptor Deploying deployment descriptor [D:\Spring_for_sam\Rest_APi_jersey_basic\conf\Catalina\localhost\ROOT.xml]
23-May-2026 17:20:48.142 INFO [main] org.apache.jasper.servlet.TldScanner.scanJars At least one JAR was scanned for TLDs yet contained no TLDs. Enable debug logging for this logger for a complete list of JARs that were scanned but no TLDs were found in them. Skipping unneeded JARs during scanning can improve startup time and JSP compilation time.
23-May-2026 17:20:48.246 INFO [main] org.apache.catalina.startup.HostConfig.deployDescriptor Deployment of deployment descriptor [D:\Spring_for_sam\Rest_APi_jersey_basic\conf\Catalina\localhost\ROOT.xml] has finished in [1,607] ms
23-May-2026 17:20:48.250 INFO [main] org.apache.coyote.AbstractProtocol.start Starting ProtocolHandler ["http-nio-8080"]
23-May-2026 17:20:48.277 INFO [main] org.apache.catalina.startup.Catalina.start Server startup in [1700] milliseconds
23-May-2026 17:25:01.626 INFO [Thread-1] org.apache.coyote.AbstractProtocol.pause Pausing ProtocolHandler ["http-nio-8080"]
23-May-2026 17:25:01.635 INFO [Thread-1] org.apache.catalina.core.StandardService.stopInternal Stopping service [Catalina]
23-May-2026 17:25:01.641 INFO [Thread-1] org.apache.coyote.AbstractProtocol.stop Stopping ProtocolHandler ["http-nio-8080"]
23-May-2026 17:25:01.644 INFO [Thread-1] org.apache.coyote.AbstractProtocol.destroy Destroying ProtocolHandler ["http-nio-8080"]
23-May-2026 17:32:08.454 INFO [main] org.apache.catalina.startup.VersionLoggerListener.log Server version name:   Apache Tomcat/10.1.55
23-May-2026 17:32:08.458 INFO [main] org.apache.catalina.startup.VersionLoggerListener.log Server built:          May 5 2026 13:33:02 UTC
23-May-2026 17:32:08.459 INFO [main] org.apache.catalina.startup.VersionLoggerListener.log Server version number: 10.1.55.0
23-May-2026 17:32:08.459 INFO [main] org.apache.catalina.startup.VersionLoggerListener.log OS Name:               Windows 11
23-May-2026 17:32:08.459 INFO [main] org.apache.catalina.startup.VersionLoggerListener.log OS Version:            10.0
23-May-2026 17:32:08.459 INFO [main] org.apache.catalina.startup.VersionLoggerListener.log Architecture:          amd64
23-May-2026 17:32:08.459 INFO [main] org.apache.catalina.startup.VersionLoggerListener.log Java Home:             C:\Users\sam\.jdks\openjdk-25.0.2
23-May-2026 17:32:08.459 INFO [main] org.apache.catalina.startup.VersionLoggerListener.log JVM Version:           25.0.2+10-69
23-May-2026 17:32:08.459 INFO [main] org.apache.catalina.startup.VersionLoggerListener.log JVM Vendor:            Oracle Corporation
23-May-2026 17:32:08.460 INFO [main] org.apache.catalina.startup.VersionLoggerListener.log CATALINA_BASE:         D:\Spring_for_sam\Rest_APi_jersey_basic
23-May-2026 17:32:08.460 INFO [main] org.apache.catalina.startup.VersionLoggerListener.log CATALINA_HOME:         C:\Program Files\Apache Software Foundation\Tomcat 10.1
23-May-2026 17:32:08.470 INFO [main] org.apache.catalina.startup.VersionLoggerListener.log Command line argument: --add-opens=java.base/java.lang=ALL-UNNAMED
23-May-2026 17:32:08.470 INFO [main] org.apache.catalina.startup.VersionLoggerListener.log Command line argument: --add-opens=java.base/java.io=ALL-UNNAMED
23-May-2026 17:32:08.470 INFO [main] org.apache.catalina.startup.VersionLoggerListener.log Command line argument: --add-opens=java.base/java.util=ALL-UNNAMED
23-May-2026 17:32:08.470 INFO [main] org.apache.catalina.startup.VersionLoggerListener.log Command line argument: --add-opens=java.base/java.util.concurrent=ALL-UNNAMED
23-May-2026 17:32:08.471 INFO [main] org.apache.catalina.startup.VersionLoggerListener.log Command line argument: --add-opens=java.rmi/sun.rmi.transport=ALL-UNNAMED
23-May-2026 17:32:08.471 INFO [main] org.apache.catalina.startup.VersionLoggerListener.log Command line argument: -Dcatalina.home=C:\Program Files\Apache Software Foundation\Tomcat 10.1
23-May-2026 17:32:08.471 INFO [main] org.apache.catalina.startup.VersionLoggerListener.log Command line argument: -Dcatalina.base=D:\Spring_for_sam\Rest_APi_jersey_basic
23-May-2026 17:32:08.471 INFO [main] org.apache.catalina.startup.VersionLoggerListener.log Command line argument: -Djava.io.tmpdir=D:\Spring_for_sam\Rest_APi_jersey_basic\temp
23-May-2026 17:32:08.471 INFO [main] org.apache.catalina.startup.VersionLoggerListener.log Command line argument: -Djava.util.logging.config.file=D:\Spring_for_sam\Rest_APi_jersey_basic\conf\logging.properties
23-May-2026 17:32:08.471 INFO [main] org.apache.catalina.startup.VersionLoggerListener.log Command line argument: -Djava.util.logging.manager=org.apache.juli.ClassLoaderLogManager
23-May-2026 17:32:08.472 INFO [main] org.apache.catalina.startup.VersionLoggerListener.log Command line argument: -javaagent:C:\Program Files\JetBrains\IntelliJ IDEA 2025.3.3\lib\idea_rt.jar=60481
23-May-2026 17:32:08.472 INFO [main] org.apache.catalina.startup.VersionLoggerListener.log Command line argument: -Dfile.encoding=UTF-8
23-May-2026 17:32:08.472 INFO [main] org.apache.catalina.startup.VersionLoggerListener.log Command line argument: -Dsun.stdout.encoding=UTF-8
23-May-2026 17:32:08.472 INFO [main] org.apache.catalina.startup.VersionLoggerListener.log Command line argument: -Dsun.stderr.encoding=UTF-8
23-May-2026 17:32:08.485 INFO [main] org.apache.catalina.core.AprLifecycleListener.lifecycleEvent The Apache Tomcat Native library which allows using OpenSSL was not found on the java.library.path: [C:\Users\sam\.jdks\openjdk-25.0.2\bin;C:\WINDOWS\Sun\Java\bin;C:\WINDOWS\system32;C:\WINDOWS;C:\Program Files\Common Files\Oracle\Java\javapath;C:\Program Files (x86)\Common Files\Oracle\Java\java8path;C:\Program Files (x86)\Common Files\Oracle\Java\javapath;C:\WINDOWS\system32;C:\WINDOWS;C:\WINDOWS\System32\Wbem;C:\WINDOWS\System32\WindowsPowerShell\v1.0\;C:\WINDOWS\System32\OpenSSH\;C:\Program Files (x86)\NVIDIA Corporation\PhysX\Common;C:\Program Files\NVIDIA Corporation\NVIDIA NvDLISR;C:\Program Files\dotnet\;C:\MinGW\bin;C:\Program Files\Git\cmd;C:\Program Files\nodejs\;C:\Users\sam\apache-maven-3.9.14-bin\apache-maven-3.9.14\bin;C:\Users\sam\AppData\Local\Programs\Python\Launcher\;C:\Users\sam\AppData\Local\Microsoft\WindowsApps;C:\Users\sam\AppData\Local\GitHubDesktop\bin;C:\Users\sam\AppData\Local\Programs\Microsoft VS Code\bin;C:\Users\sam\AppData\Roaming\npm;C:\Program Files\JetBrains\IntelliJ IDEA 2025.3.3\bin;.]
23-May-2026 17:32:08.788 INFO [main] org.apache.coyote.AbstractProtocol.init Initializing ProtocolHandler ["http-nio-8080"]
23-May-2026 17:32:08.804 INFO [main] org.apache.catalina.startup.Catalina.load Server initialization in [539] milliseconds
23-May-2026 17:32:08.848 INFO [main] org.apache.catalina.core.StandardService.startInternal Starting service [Catalina]
23-May-2026 17:32:08.848 INFO [main] org.apache.catalina.core.StandardEngine.startInternal Starting Servlet engine: [Apache Tomcat/10.1.55]
23-May-2026 17:32:08.861 INFO [main] org.apache.catalina.startup.HostConfig.deployDescriptor Deploying deployment descriptor [D:\Spring_for_sam\Rest_APi_jersey_basic\conf\Catalina\localhost\ROOT.xml]
23-May-2026 17:32:10.372 INFO [main] org.apache.jasper.servlet.TldScanner.scanJars At least one JAR was scanned for TLDs yet contained no TLDs. Enable debug logging for this logger for a complete list of JARs that were scanned but no TLDs were found in them. Skipping unneeded JARs during scanning can improve startup time and JSP compilation time.
23-May-2026 17:32:10.488 INFO [main] org.apache.catalina.startup.HostConfig.deployDescriptor Deployment of deployment descriptor [D:\Spring_for_sam\Rest_APi_jersey_basic\conf\Catalina\localhost\ROOT.xml] has finished in [1,624] ms
23-May-2026 17:32:10.492 INFO [main] org.apache.coyote.AbstractProtocol.start Starting ProtocolHandler ["http-nio-8080"]
23-May-2026 17:32:10.520 INFO [main] org.apache.catalina.startup.Catalina.start Server startup in [1713] milliseconds
23-May-2026 17:33:59.495 INFO [Thread-1] org.apache.coyote.AbstractProtocol.pause Pausing ProtocolHandler ["http-nio-8080"]
23-May-2026 17:33:59.503 INFO [Thread-1] org.apache.catalina.core.StandardService.stopInternal Stopping service [Catalina]
23-May-2026 17:33:59.511 INFO [Thread-1] org.apache.coyote.AbstractProtocol.stop Stopping ProtocolHandler ["http-nio-8080"]
23-May-2026 17:33:59.514 INFO [Thread-1] org.apache.coyote.AbstractProtocol.destroy Destroying ProtocolHandler ["http-nio-8080"]
23-May-2026 17:34:01.833 INFO [main] org.apache.catalina.startup.VersionLoggerListener.log Server version name:   Apache Tomcat/10.1.55
23-May-2026 17:34:01.837 INFO [main] org.apache.catalina.startup.VersionLoggerListener.log Server built:          May 5 2026 13:33:02 UTC
23-May-2026 17:34:01.837 INFO [main] org.apache.catalina.startup.VersionLoggerListener.log Server version number: 10.1.55.0
23-May-2026 17:34:01.837 INFO [main] org.apache.catalina.startup.VersionLoggerListener.log OS Name:               Windows 11
23-May-2026 17:34:01.837 INFO [main] org.apache.catalina.startup.VersionLoggerListener.log OS Version:            10.0
23-May-2026 17:34:01.837 INFO [main] org.apache.catalina.startup.VersionLoggerListener.log Architecture:          amd64
23-May-2026 17:34:01.837 INFO [main] org.apache.catalina.startup.VersionLoggerListener.log Java Home:             C:\Users\sam\.jdks\openjdk-25.0.2
23-May-2026 17:34:01.837 INFO [main] org.apache.catalina.startup.VersionLoggerListener.log JVM Version:           25.0.2+10-69
23-May-2026 17:34:01.837 INFO [main] org.apache.catalina.startup.VersionLoggerListener.log JVM Vendor:            Oracle Corporation
23-May-2026 17:34:01.837 INFO [main] org.apache.catalina.startup.VersionLoggerListener.log CATALINA_BASE:         D:\Spring_for_sam\Rest_APi_jersey_basic
23-May-2026 17:34:01.837 INFO [main] org.apache.catalina.startup.VersionLoggerListener.log CATALINA_HOME:         C:\Program Files\Apache Software Foundation\Tomcat 10.1
23-May-2026 17:34:01.847 INFO [main] org.apache.catalina.startup.VersionLoggerListener.log Command line argument: --add-opens=java.base/java.lang=ALL-UNNAMED
23-May-2026 17:34:01.847 INFO [main] org.apache.catalina.startup.VersionLoggerListener.log Command line argument: --add-opens=java.base/java.io=ALL-UNNAMED
23-May-2026 17:34:01.847 INFO [main] org.apache.catalina.startup.VersionLoggerListener.log Command line argument: --add-opens=java.base/java.util=ALL-UNNAMED
23-May-2026 17:34:01.847 INFO [main] org.apache.catalina.startup.VersionLoggerListener.log Command line argument: --add-opens=java.base/java.util.concurrent=ALL-UNNAMED
23-May-2026 17:34:01.847 INFO [main] org.apache.catalina.startup.VersionLoggerListener.log Command line argument: --add-opens=java.rmi/sun.rmi.transport=ALL-UNNAMED
23-May-2026 17:34:01.847 INFO [main] org.apache.catalina.startup.VersionLoggerListener.log Command line argument: -Dcatalina.home=C:\Program Files\Apache Software Foundation\Tomcat 10.1
23-May-2026 17:34:01.848 INFO [main] org.apache.catalina.startup.VersionLoggerListener.log Command line argument: -Dcatalina.base=D:\Spring_for_sam\Rest_APi_jersey_basic
23-May-2026 17:34:01.848 INFO [main] org.apache.catalina.startup.VersionLoggerListener.log Command line argument: -Djava.io.tmpdir=D:\Spring_for_sam\Rest_APi_jersey_basic\temp
23-May-2026 17:34:01.848 INFO [main] org.apache.catalina.startup.VersionLoggerListener.log Command line argument: -Djava.util.logging.config.file=D:\Spring_for_sam\Rest_APi_jersey_basic\conf\logging.properties
23-May-2026 17:34:01.848 INFO [main] org.apache.catalina.startup.VersionLoggerListener.log Command line argument: -Djava.util.logging.manager=org.apache.juli.ClassLoaderLogManager
23-May-2026 17:34:01.848 INFO [main] org.apache.catalina.startup.VersionLoggerListener.log Command line argument: -javaagent:C:\Program Files\JetBrains\IntelliJ IDEA 2025.3.3\lib\idea_rt.jar=52671
23-May-2026 17:34:01.848 INFO [main] org.apache.catalina.startup.VersionLoggerListener.log Command line argument: -Dfile.encoding=UTF-8
23-May-2026 17:34:01.848 INFO [main] org.apache.catalina.startup.VersionLoggerListener.log Command line argument: -Dsun.stdout.encoding=UTF-8
23-May-2026 17:34:01.848 INFO [main] org.apache.catalina.startup.VersionLoggerListener.log Command line argument: -Dsun.stderr.encoding=UTF-8
23-May-2026 17:34:01.856 INFO [main] org.apache.catalina.core.AprLifecycleListener.lifecycleEvent The Apache Tomcat Native library which allows using OpenSSL was not found on the java.library.path: [C:\Users\sam\.jdks\openjdk-25.0.2\bin;C:\WINDOWS\Sun\Java\bin;C:\WINDOWS\system32;C:\WINDOWS;C:\Program Files\Common Files\Oracle\Java\javapath;C:\Program Files (x86)\Common Files\Oracle\Java\java8path;C:\Program Files (x86)\Common Files\Oracle\Java\javapath;C:\WINDOWS\system32;C:\WINDOWS;C:\WINDOWS\System32\Wbem;C:\WINDOWS\System32\WindowsPowerShell\v1.0\;C:\WINDOWS\System32\OpenSSH\;C:\Program Files (x86)\NVIDIA Corporation\PhysX\Common;C:\Program Files\NVIDIA Corporation\NVIDIA NvDLISR;C:\Program Files\dotnet\;C:\MinGW\bin;C:\Program Files\Git\cmd;C:\Program Files\nodejs\;C:\Users\sam\apache-maven-3.9.14-bin\apache-maven-3.9.14\bin;C:\Users\sam\AppData\Local\Programs\Python\Launcher\;C:\Users\sam\AppData\Local\Microsoft\WindowsApps;C:\Users\sam\AppData\Local\GitHubDesktop\bin;C:\Users\sam\AppData\Local\Programs\Microsoft VS Code\bin;C:\Users\sam\AppData\Roaming\npm;C:\Program Files\JetBrains\IntelliJ IDEA 2025.3.3\bin;.]
23-May-2026 17:34:02.147 INFO [main] org.apache.coyote.AbstractProtocol.init Initializing ProtocolHandler ["http-nio-8080"]
23-May-2026 17:34:02.167 INFO [main] org.apache.catalina.startup.Catalina.load Server initialization in [511] milliseconds
23-May-2026 17:34:02.211 INFO [main] org.apache.catalina.core.StandardService.startInternal Starting service [Catalina]
23-May-2026 17:34:02.211 INFO [main] org.apache.catalina.core.StandardEngine.startInternal Starting Servlet engine: [Apache Tomcat/10.1.55]
23-May-2026 17:34:02.223 INFO [main] org.apache.catalina.startup.HostConfig.deployDescriptor Deploying deployment descriptor [D:\Spring_for_sam\Rest_APi_jersey_basic\conf\Catalina\localhost\ROOT.xml]
23-May-2026 17:34:03.732 INFO [main] org.apache.jasper.servlet.TldScanner.scanJars At least one JAR was scanned for TLDs yet contained no TLDs. Enable debug logging for this logger for a complete list of JARs that were scanned but no TLDs were found in them. Skipping unneeded JARs during scanning can improve startup time and JSP compilation time.
23-May-2026 17:34:03.827 INFO [main] org.apache.catalina.startup.HostConfig.deployDescriptor Deployment of deployment descriptor [D:\Spring_for_sam\Rest_APi_jersey_basic\conf\Catalina\localhost\ROOT.xml] has finished in [1,601] ms
23-May-2026 17:34:03.840 INFO [main] org.apache.coyote.AbstractProtocol.start Starting ProtocolHandler ["http-nio-8080"]
23-May-2026 17:34:03.868 INFO [main] org.apache.catalina.startup.Catalina.start Server startup in [1698] milliseconds
23-May-2026 17:34:28.653 INFO [Thread-1] org.apache.coyote.AbstractProtocol.pause Pausing ProtocolHandler ["http-nio-8080"]
23-May-2026 17:34:28.660 INFO [Thread-1] org.apache.catalina.core.StandardService.stopInternal Stopping service [Catalina]
23-May-2026 17:34:28.666 INFO [Thread-1] org.apache.coyote.AbstractProtocol.stop Stopping ProtocolHandler ["http-nio-8080"]
23-May-2026 17:34:28.668 INFO [Thread-1] org.apache.coyote.AbstractProtocol.destroy Destroying ProtocolHandler ["http-nio-8080"]
